key,original_name,word_vector_key,display_name_ja,category_en,search_query,category_ja,origin_name,origin_name_ja
abalone,Abalone,,アワビ,Mollusks,,貝類,Ocean,海
american_butterfish,American butterfish,,アメリカバターフィッシュ,Fish,,魚,Ocean,海
american_lobster,American lobster,,アメリカロブスター,Crustaceans,langoustine,甲殻類,Ocean,海
atlantic_cod,Atlantic cod,,大西洋タラ（アトランティックコッド）,Fish,,魚,Ocean,海
atlantic_croaker,Atlantic croaker,,大西洋クローカー,Fish,,魚,Ocean,海
atlantic_halibut,Atlantic halibut,,大西洋オヒョウ,Fish,,魚,Ocean,海
atlantic_wolffish,Atlantic wolffish,,大西洋ウルフフィッシュ,Fish,,魚,Ocean,海
blue_crab,Blue crab,,ブルークラブ,Crustaceans,,甲殻類,Ocean,海
carp_bream,Carp bream,,コイブリーム,Fish,,魚,River,川
catfish,Catfish,,ナマズ,Fish,basa,魚,River,川
chinook_salmon,Chinook salmon,,チヌークサーモン,Fish,,魚,River,川
chum_salmon,Chum salmon,,シュムサーモン,Fish,,魚,River,川
cisco,Cisco,,シスコ,Fish,,魚,River,川
clawed_lobster,Clawed lobster,,ハサミロブスター,Crustaceans,,甲殻類,Ocean,海
common_carp,Common carp,carp,コイ,Fish,,魚,River,川
common_ling,Common ling,ling,コモンリング,Fish,,魚,Ocean,海
cottage_cheese,Cottage cheese,,カッテージチーズ,Dairy Products,paneer,乳製品,Pasture,牧草地
cusk,Cusk,,カスク,Fish,,魚,Ocean,海
dungeness_crab,Dungeness crab,,ダンジネスクラブ,Crustaceans,,甲殻類,Ocean,海
flatfish,Flatfish,,カレイ,Fish,,魚,Ocean,海
gadiformes,Gadiformes,,タラ目,Fish,,魚,Ocean,海
gadus__common_cod_,Gadus (Common cod),Cod,タラ,Fish,,魚,Ocean,海
garfish,Garfish,,ダツ,Fish,,魚,Ocean,海
haddock,Haddock,,ハドック,Fish,,魚,Ocean,海
hyacinth_bean,Hyacinth bean,,ハイアシンスビーン,Beans,,豆類,Field,畑
japanese_sea_bass,Japanese sea bass,,スズキ,Fish,,魚,Ocean,海
king_mackerel,King mackerel,,サワラ,Fish,,魚,Ocean,海
lemon_sole,Lemon sole,,レモンソール,Fish,,魚,Ocean,海
lingcod,Lingcod,,リンコッド,Fish,,魚,Ocean,海
northern_pike,Northern pike,,ノーザンパイク,Fish,,魚,River,川
norway_haddock,Norway haddock,,ノルウェーハドック,Fish,,魚,Ocean,海
norway_lobster,Norway lobster,,ノルウェーロブスター,Crustaceans,scampi,甲殻類,Ocean,海
norway_pout,Norway pout,,ノルウェーパウト,Fish,,魚,Ocean,海
pacific_cod,Pacific cod,,太平洋タラ（パシフィックコッド）,Fish,,魚,Ocean,海
pacific_ocean_perch,Pacific ocean perch,,太平洋アイナメ,Fish,,魚,Ocean,海
pacific_rockfish,Pacific rockfish,,パシフィックロックフィッシュ,Fish,,魚,Ocean,海
painted_comber,Painted comber,,ペインテッドコンバー,Fish,,魚,Ocean,海
percoidei__bass_and_others_,Percoidei (Bass and others),Bass,スズキ亜目,Fish,,魚,Ocean,海
rainbow_smelt,Rainbow smelt,,ニジワカサギ,Fish,,魚,River,川
red_king_crab,Red king crab,,レッドキングクラブ,Crustaceans,,甲殻類,Ocean,海
scup,Scup,,スカップ,Fish,,魚,Ocean,海
sea_trout,Sea trout,,シートラウト,Fish,,魚,Ocean,海
sheefish,Sheefish,,シーフィッシュ,Fish,,魚,River,川
sheepshead,Sheepshead,,シープスヘッド,Fish,,魚,Ocean,海
snapper,Snapper,,フエダイ,Fish,,魚,Ocean,海
spinach,Spinach,,ホウレンソウ,Vegetables,tong ho,野菜,Field,畑
striped_bass,Striped bass,,ストライプドバス,Fish,,魚,Ocean,海
tilefish,Tilefish,,タイルフィッシュ,Fish,,魚,Ocean,海
true_sole,True sole,,トゥルーソール,Fish,,魚,Ocean,海
turbot,Turbot,,ターボット,Fish,,魚,Ocean,海
turkey,Turkey,,シチメンチョウ,Meets,,肉類,Pasture,牧草地
walleye,Walleye,,ウォレアイ,Fish,,魚,River,川
white_sucker,White sucker,,ホワイトサッカー,Fish,,魚,River,川
dandelion,Dandelion,,タンポポ,Vegetables/Herbs,,ハーブ,Forest,森
adzuki_bean,Adzuki bean,,小豆（アズキ）,Beans,,豆類,Field,畑
albacore_tuna,Albacore tuna,,ビンナガマグロ,Fish,,魚,Ocean,海
american_shad,American shad,,アメリカシャッド,Fish,,魚,River,川
anchovy,Anchovy,,アンチョビ,Fish,,魚,Ocean,海
bivalvia__clam_mussel_oyster_,"Bivalvia (Clam, Mussel, Oyster)",Clam,二枚貝（アサリ、ムール貝、カキ）,Mollusks,shellfish,貝類,Ocean,海
bluefish,Bluefish,,ブルーフィッシュ,Fish,,魚,Ocean,海
burbot,Burbot,,バーバット,Fish,,魚,River,川
cichlidae__tilapia_,Cichlidae (Tilapia),Tilapia,シクリッド（ティラピア）,Fish,,魚,River,川
coho_salmon,Coho salmon,,ギンザケ,Fish,,魚,River,川
crab,Crab,,カニ,Crustaceans,crabmeat,甲殻類,Ocean,海
dolphin_fish,Dolphin fish,,シイラ,Fish,,魚,Ocean,海
european_anchovy,European anchovy,,ヨーロピアンアンチョビ,Fish,,魚,Ocean,海
european_rabbit,European rabbit,,ヨーロッパウサギ,Meets,,肉類,Pasture,牧草地
freshwater_drum,Freshwater drum,,フレッシュウォータードラム,Fish,,魚,River,川
greater_sturgeon,Greater sturgeon,,チョウザメ,Fish,,魚,River,川
grouper,Grouper,,ハタ,Fish,,魚,Ocean,海
hippoglossus__common_halibut_,Hippoglossus (Common halibut),Hippoglossus,オヒョウ,Fish,,魚,Ocean,海
lentils,Lentils,,レンズ豆,Beans,papad,豆類,Field,畑
milkfish,Milkfish,,ミルクフィッシュ,Fish,bangus,魚,Ocean,海
natto,Natto,,納豆,Fermented Foods,,発酵食品,Field,畑
northern_bluefin_tuna,Northern bluefin tuna,,クロマグロ,Fish,,魚,Ocean,海
ocean_pout,Ocean pout,,オーシャンパウト,Fish,,魚,Ocean,海
orange_roughy,Orange roughy,,オレンジラフィー,Fish,,魚,Ocean,海
pacific_halibut,Pacific halibut,,太平洋オヒョウ,Fish,,魚,Ocean,海
pink_salmon,Pink salmon,,カラフトマス,Fish,,魚,River,川
pumpkinseed_sunfish,Pumpkinseed sunfish,,パンプキンシードサンフィッシュ,Fish,,魚,River,川
rainbow_trout,Rainbow trout,,ニジマス,Fish,,魚,River,川
roe,Roe,,魚卵,Fish Eggs,tobiko ikura masago,魚卵,Ocean,海
spanish_mackerel,Spanish mackerel,,サワラ,Fish,,魚,Ocean,海
spot_croaker,Spot croaker,,スポットクローカー,Fish,,魚,Ocean,海
striped_mullet,Striped mullet,,ストライプドムレット,Fish,,魚,Ocean,海
swordfish,Swordfish,,メカジキ,Fish,mahi,魚,Ocean,海
thunnus,Thunnus,,マグロ属,Fish,,魚,Ocean,海
whelk,Whelk,,ツブ貝,Mollusks,,貝類,Ocean,海
whitefish,Whitefish,,ホワイトフィッシュ,Fish,,魚,Ocean,海
yellowfin_tuna,Yellowfin tuna,,キハダマグロ,Fish,,魚,Ocean,海
baked_potato,Baked potato,,ベイクドポテト,Vegetables,hash browns tater tots,野菜,Field,畑
broccoli,Broccoli,,ブロッコリー,Vegetables,,野菜,Field,畑
cauliflower,Cauliflower,,カリフラワー,Vegetables,,野菜,Field,畑
celery_leaves,Celery leaves,,セロリの葉,Vegetables,,野菜,Field,畑
chestnut,Chestnut,,栗（チェスナット）,Nuts,,ナッツ,Forest,森
common_buckwheat,Common buckwheat,buckwheat,ソバ,Grains,,穀物,Field,畑
common_mushroom,Common mushroom,mushroom,マッシュルーム,Mushrooms,morels,キノコ,Forest,森
enokitake,Enokitake,,エノキタケ,Mushrooms,,キノコ,Forest,森
european_chestnut,European chestnut,,ヨーロッパグリ,Nuts,,ナッツ,Forest,森
fig,Fig,,イチジク,Fruits,,果物,Forest,森
ginkgo_nuts,Ginkgo nuts,,ギンナン,Nuts,,ナッツ,Forest,森
japanese_chestnut,Japanese chestnut,,日本栗（ニホングリ）,Nuts,,ナッツ,Forest,森
jicama,Jicama,,ヒカマ,Vegetables,,野菜,Field,畑
jute,Jute,,ジュート,Vegetables/Herbs,,ハーブ,Forest,森
lima_bean,Lima bean,,ライマメ,Beans,,豆類,Field,畑
mountain_yam,Mountain yam,,ヤマイモ,Root vegetables,,根菜,Mountain,山
oyster_mushroom,Oyster mushroom,,ヒラタケ,Mushrooms,,キノコ,Forest,森
peach,Peach,,モモ,Fruits,,果物,Field,畑
purple_laver,Purple laver,,紫菜（ムラサキノリ）,Seaweed,,海藻,Ocean,海
quinoa,Quinoa,,キヌア,Grains,,穀物,Field,畑
rapini,Rapini,,ナバナ,Vegetables,,野菜,Field,畑
romaine_lettuce,Romaine lettuce,,ロメインレタス,Vegetables,little gem,野菜,Field,畑
savoy_cabbage,Savoy cabbage,,サボイキャベツ,Vegetables,,野菜,Field,畑
shallot,Shallot,,エシャロット,Vegetables,,野菜,Field,畑
sweet_potato,Sweet potato,,サツマイモ,Root vegetables,,根菜,Field,畑
turnip,Turnip,,カブ,Root vegetables,rutabaga,根菜,Field,畑
welsh_onion,Welsh onion,,ネギ,Vegetables,scallions,野菜,Field,畑
alfalfa,Alfalfa,,アルファルファ,Vegetables/Herbs,,ハーブ,Forest,森
bilberry,Bilberry,,ビルベリー,Fruits,,果物,Forest,森
chicory,Chicory,,チコリ,Vegetables,,野菜,Field,畑
garlic,Garlic,,ニンニク,Vegetables/Herbs,sofrito,ハーブ,Forest,森
kohlrabi,Kohlrabi,,コールラビ,Vegetables,,野菜,Field,畑
moth_bean,Moth bean,,モスビーン,Beans,,豆類,Field,畑
atlantic_herring,Atlantic herring,,大西洋ニシン,Fish,,魚,Ocean,海
atlantic_mackerel,Atlantic mackerel,,大西洋サバ,Fish,,魚,Ocean,海
atlantic_pollock,Atlantic pollock,,大西洋ポラック,Fish,,魚,Ocean,海
atlantic_salmon,Atlantic salmon,,大西洋サケ,Fish,,魚,Ocean,海
chickpea,Chickpea,,ヒヨコマメ,Beans,chana dal,豆類,Field,畑
chives,Chives,,チャイブ,Vegetables/Herbs,chive,ハーブ,Forest,森
domestic_pig,Domestic pig,Pork,豚,Meets,"ham bacon pork shoulder prosciutto pancetta guanciale lard meatballs bolognese parma serrano
",肉類,Pasture,牧草地
florida_pompano,Florida pompano,,フロリダポンパノ,Fish,,魚,Ocean,海
freshwater_eel,Freshwater eel,,ウナギ,Fish,,魚,River,川
mixed_nuts,Mixed nuts,,ミックスナッツ,Nuts,,ナッツ,Forest,森
other_fish_product,Other fish product,,その他魚製品,Seafood Products,seafood sushi uni,魚介製品,Ocean,海
pacific_herring,Pacific herring,,太平洋ニシン,Fish,,魚,Ocean,海
pacific_jack_mackerel,Pacific jack mackerel,,太平洋ジャックサバ,Fish,,魚,Ocean,海
pacific_sardine,Pacific sardine,,太平洋イワシ,Fish,,魚,Ocean,海
perciformes,Perciformes,,スズキ目,Fish,,魚,Ocean,海
shark,Shark,,サメ,Fish,,魚,Ocean,海
shrimp,Shrimp,,エビ,Crustaceans,prawn,甲殻類,Ocean,海
trail_mix,Trail mix,,トレイルミックス,Nuts,,ナッツ,Forest,森
babassu_palm,Babassu palm,,ババスパーム,Oilseeds,,野菜/油料,Field,畑
cocoa_butter,Cocoa butter,,ココアバター,Fats,,油脂,Field,畑
oil_palm,Oil palm,,アブラヤシ,Oilseeds,,野菜/油料,Field,畑
tallow,Tallow,,タロウ,Fats,,油脂,Pasture,牧草地
ucuhuba,Ucuhuba,,ウクフバ,Oilseeds,,野菜/油料,Field,畑
acerola,Acerola,,アセロラ,Fruits,,果物,Forest,森
fruit_flavor_drink,Fruit-flavor drink,,フルーツフレーバードリンク,Beverages,,飲料,Field,畑
horseradish,Horseradish,,ホースラディッシュ,Vegetables/Spices,,野菜/香辛料,Forest,森
adobo,Adobo,,アドボ,Cooking,,料理,Field,畑
beefalo,Beefalo,,ビーファロ,Meets,,肉類,Pasture,牧草地
flour,Flour,,小麦粉（フラワー）,Grains,dosa,穀物,Field,畑
frozen_yogurt,Frozen yogurt,,フローズンヨーグルト,Dairy Products,,乳製品,Pasture,牧草地
icing,Icing,,アイシング,Desserts,,デザート,Field,畑
milkshake,Milkshake,,ミルクセーキ,Beverages,,飲料,Pasture,牧草地
mountain_hare,Mountain hare,,ヤマウサギ,Meets,,肉類,Mountain,山
nougat,Nougat,,ヌガー,Desserts,,デザート,Field,畑
other_beverage,Other beverage,,その他飲料,Beverages,,飲料,None,その他
other_candy,Other candy,,その他キャンディ,Desserts,,デザート,Field,畑
piki_bread,Piki bread,,ピキブレッド,Bread Products,,パン類,Field,畑
potato_puffs,Potato puffs,,ポテトパフ,Snacks,,スナック,Field,畑
saffron,Saffron,,サフラン,Spices,,香辛料,Forest,森
sweet_bay,Sweet bay,,スイートベイ,Vegetables/Herbs,,ハーブ,Forest,森
zwieback,Zwieback,,ツヴィーバック,Bread Products,,パン類,Field,畑
common_thyme,Common thyme,thyme,コモンタイム,Vegetables/Herbs,,ハーブ,Forest,森
cumin,Cumin,,クミン,Spices,,香辛料,Forest,森
pot_marjoram,Pot marjoram,,ポットマジョラム,Vegetables/Herbs,,ハーブ,Forest,森
winter_savory,Winter savory,,ウィンターセイボリー,Vegetables/Herbs,,ハーブ,Forest,森
rice,Rice,,米（ライス）,Grains,risotto,穀物,Field,畑
anise,Anise,,アニス,Spices,,香辛料,Forest,森
green_bell_pepper,Green bell pepper,,ピーマン,Vegetables,,野菜,Field,畑
orange_bell_pepper,Orange bell pepper,,オレンジパプリカ,Vegetables,paprika annatto,野菜,Field,畑
yellow_bell_pepper,Yellow bell pepper,,黄色パプリカ,Vegetables,paprika,野菜,Field,畑
anatidae,Anatidae,,カモ科（アナティダエ）,Meets,,肉類,Pasture,牧草地
atlantic_menhaden,Atlantic menhaden,,アトランティックメンハーデン,Fish,,魚,Ocean,海
chocolate_spread,Chocolate spread,,チョコレートスプレッド,Spread,,スプレッド,Field,畑
cooking_oil,Cooking oil,,調理油（クッキングオイル）,Fats,,油脂,Field,畑
cottonseed_oil,Cottonseed oil,,綿実油（コットンシードオイル）,Fats,,油脂,Field,畑
cream_substitute,Cream substitute,,クリーム代替品,Dairy Alternatives,crème fraîche,乳製品代替品,Field,畑
margarine_like_spread,Margarine-like spread,,マーガリン風スプレッド,Spread,,スプレッド,Field,畑
oil_seed_camellia,Oil-seed Camellia,,油茶（オイルシードカメリア）,Fats,,油脂,Field,畑
olive_oil,Olive oil,,オリーブオイル,Fats,,油脂,Field,畑
other_animal_fat,Other animal fat,,その他動物性脂肪,Fats,,油脂,Pasture,牧草地
pili_nut,Pili nut,,ピリナッツ,Nuts,,ナッツ,Forest,森
shortening,Shortening,,ショートニング,Fats,,油脂,Field,畑
sour_cream,Sour cream,,サワークリーム,Dairy Products,creme fraiche,乳製品,Pasture,牧草地
avocado_oil,Avocado oil,,アボカドオイル,Fats,,油脂,Field,畑
baby_food,Baby food,,ベビーフード,Food,,食品,Field,畑
beluga_whale,Beluga whale,,シロイルカ（ベルーガホエール）,Meets,,肉類,Ocean,海
chocolate,Chocolate,,チョコレート,Sweets,bitters,菓子,Field,畑
chocolate_mousse,Chocolate mousse,,チョコレートムース,Sweets,,菓子,Field,畑
coffee_mocha,Coffee mocha,,コーヒーモカ,Beverages,,飲料,Field,畑
cream,Cream,,クリーム,Dairy Products,,乳製品,Pasture,牧草地
edible_shell,Edible shell,,食用貝殻,Mollusks,,貝類,Ocean,海
greek_feta_cheese,Greek feta cheese,,ギリシャフェタチーズ,Dairy Products,halloumi pecorino romano,乳製品,Pasture,牧草地
ice_cream_cone,Ice cream cone,,アイスクリームコーン,Desserts,,デザート,Field,畑
other_frozen_dessert,Other frozen dessert,,その他冷凍デザート,Desserts,,デザート,Field,畑
pastry,Pastry,,ペストリー,Sweets,,菓子,Field,畑
pate,Pate,,パテ,Meets,,肉類,Pasture,牧草地
peanut_oil,Peanut oil,,ピーナッツオイル,Fats,,油脂,Field,畑
poppy,Poppy,,ポピー,Spices,,香辛料,Forest,森
potato_chip,Potato chip,,ポテトチップス,Sweets,fries,菓子,Field,畑
quesadilla,Quesadilla,,ケサディーヤ,Cooking,,料理,Field,畑
sesame,Sesame,,ゴマ,Seeds,tahini,種子,Field,畑
sesame_oil,Sesame oil,,ゴマ油,Fats,,油脂,Field,畑
spotted_seal,Spotted seal,,ゴマフアザラシ,Marine Animals,,海洋動物,Ocean,海
sunflower,Sunflower,,ヒマワリ,Seeds,,種子,Field,畑
sunflower_oil,Sunflower oil,,ヒマワリ油,Fats,,油脂,Field,畑
tostada_shell,Tostada shell,,トスターダシェル,Snacks,,スナック,None,その他
gin,Gin,,ジン,Alcoholic Beverages,,アルコール飲料,Forest,森
other_alcoholic_beverage,Other alcoholic beverage,,その他アルコール飲料,Alcoholic Beverages,,アルコール飲料,None,その他
rum,Rum,,ラム,Alcoholic Beverages,brandy kirsch amaretto cognac,アルコール飲料,Field,畑
vodka,Vodka,,ウォッカ,Alcoholic Beverages,,アルコール飲料,Field,畑
whisky,Whisky,,ウイスキー,Alcoholic Beverages,,アルコール飲料,Field,畑
abiyuch,Abiyuch,,アビユチ,Fruits,,果物,Forest,森
alaska_wild_rhubarb,Alaska wild rhubarb,,アラスカワイルドルバーブ,Vegetables/Herbs,,ハーブ,Forest,森
bitter_gourd,Bitter gourd,,ゴーヤ,Vegetables,,野菜,Field,畑
black_mulberry,Black mulberry,,ブラックマルベリー,Fruits,,果物,Forest,森
clementine,Clementine,,クレメンタイン,Fruits,,果物,Field,畑
custard_apple,Custard apple,,カスタードアップル,Fruits,,果物,Forest,森
durian,Durian,,ドリアン,Fruits,,果物,Forest,森
fireweed,Fireweed,,ファイアウィード,Vegetables/Herbs,,ハーブ,Forest,森
giant_butterbur,Giant butterbur,,フキ,Vegetables,,野菜,Forest,森
groundcherry,Groundcherry,,グラウンドチェリー,Fruits,,果物,Forest,森
java_plum,Java plum,,ジャワプラム,Fruits,,果物,Forest,森
loganberry,Loganberry,,ロガンベリー,Fruits,,果物,Forest,森
loquat,Loquat,,ビワ,Fruits,nispero,果物,Forest,森
malabar_plum,Malabar plum,,マラバープラム,Fruits,,果物,Forest,森
mustard_spinach,Mustard spinach,,カラシナ,Vegetables,,野菜,Field,畑
natal_plum,Natal plum,,ナタルプラム,Fruits,,果物,Forest,森
other_snack_food,Other snack food,,その他スナック食品,Snacks,cookies,スナック,None,その他
passion_fruit,Passion fruit,,パッションフルーツ,Fruits,,果物,Forest,森
pitanga,Pitanga,,ピタンガ,Fruits,,果物,Forest,森
pummelo,Pummelo,,ブンタン,Fruits,,果物,Forest,森
quince,Quince,,マルメロ,Fruits,,果物,Forest,森
sapodilla,Sapodilla,,サポディラ,Fruits,,果物,Forest,森
sourdock,Sourdock,,サワードック,Vegetables/Herbs,,ハーブ,Field,畑
soursop,Soursop,,サワーソップ,Fruits,,果物,Forest,森
sugar_apple,Sugar apple,,シュガーアップル,Fruits,,果物,Forest,森
wasabi,Wasabi,,ワサビ,Spices,,香辛料,Forest,森
alaska_pollock,Alaska pollock,,アラスカポラック,Fish,,魚,Ocean,海
amaranth,Amaranth,,アマランサス,Grains,,穀物,Field,畑
breakfast_sandwich,Breakfast sandwich,,ブレックファーストサンドイッチ,Processed Foods,,加工食品,Field,畑
cabbage,Cabbage,,キャベツ,Vegetables,sauerkraut,野菜,Field,畑
channel_catfish,Channel catfish,,チャネルキャットフィッシュ,Fish,,魚,River,川
clam,Clam,,アサリ,Mollusks,,貝類,Ocean,海
crisp_bread,Crisp bread,,クリスプブレッド,Bread Products,,パン類,Field,畑
hedge_mustard,Hedge mustard,,ヘッジマスタード,Vegetables/Herbs,,ハーブ,Field,畑
jerusalem_artichoke,Jerusalem artichoke,,エルサレムアーティチョーク,Vegetables,,野菜,Field,畑
lettuce,Lettuce,,レタス,Vegetables,,野菜,Field,畑
malabar_spinach,Malabar spinach,,マラバルホウレンソウ,Vegetables,,野菜,Field,畑
millet,Millet,,キビ,Grains,,穀物,Field,畑
miso,Miso,,味噌,Seasonings,,調味料,Field,畑
monkfish,Monkfish,,アンコウ,Fish,,魚,Ocean,海
multigrain_bread,Multigrain bread,,マルチグレインブレッド,Bread Products,,パン類,Field,畑
other_bread_product,Other bread product,,その他パン製品,Bread Products,,パン類,Field,畑
pancake,Pancake,,パンケーキ,Bread Products,,パン類,Field,畑
phyllo_dough,Phyllo dough,,フィロ生地,Dough,,生地,Field,畑
raisin_bread,Raisin bread,,レーズンブレッド,Bread Products,,パン類,Field,畑
shiitake,Shiitake,,シイタケ,Mushrooms,lion's mane,キノコ,Forest,森
sorghum,Sorghum,,ソルガム,Grains,,穀物,Field,畑
squid,Squid,,イカ,Seafood,,魚介類,Ocean,海
swamp_cabbage,Swamp cabbage,,空芯菜（クウシンサイ）,Vegetables,,野菜,Field,畑
tortilla,Tortilla,,トルティーヤ,Bread Products,taquito,パン類,Field,畑
wild_leek,Wild leek,,行者ニンニク（ギョウジャニンニク）,Vegetables,ramp,野菜,Forest,森
bearded_seal,Bearded seal,,アゴヒゲアザラシ,Meets,,肉類,Ocean,海
carob,Carob,,キャロブ,Beans,,豆類,Field,畑
casein,Casein,,カゼイン,Dairy Products,,乳製品,Pasture,牧草地
cottonseed,Cottonseed,,綿実（コットンシード）,Seeds,,種子,Field,畑
soy_bean,Soy bean,,大豆（ソイビーン）,Beans,tempeh,豆類,Field,畑
asparagus,Asparagus,,アスパラガス,Vegetables,samphire,野菜,Field,畑
bagel,Bagel,,ベーグル,Bread Products,,パン類,Field,畑
barley,Barley,,大麦（バーレー）,Grains,,穀物,Field,畑
bulgur,Bulgur,,ブルグル,Grains,,穀物,Field,畑
cracker,Cracker,,クラッカー,Snacks,matzom matzah,スナック,Field,畑
oat_bread,Oat bread,,オートブレッド,Bread Products,,パン類,Field,畑
pasta,Pasta,,パスタ,Noodles,fettuccine noodle orzo udon penne gnocchi linguine rigatoni pastina ramen,麺類,Field,畑
pita_bread,Pita bread,,ピタブレッド,Bread Products,,パン類,Field,畑
rice_bread,Rice bread,,ライスブレッド,Bread Products,,パン類,Field,畑
semolina,Semolina,,セモリナ,Grains,,穀物,Field,畑
triticale,Triticale,,トリティカーレ,Grains,,穀物,Field,畑
white_bread,White bread,,ホワイトブレッド,Bread Products,crouton,パン類,Field,畑
wonton_wrapper,Wonton wrapper,,ワンタンの皮,Dough,,生地,Field,畑
coconut_oil,Coconut oil,,ココナッツオイル,Fats,,油脂,Field,畑
allspice,Allspice,,オールスパイス,Spices,masala,香辛料,Forest,森
beer,Beer,,ビール,Beverages,malt hop ipa guinness,飲料,Field,畑
ceylon_cinnamon,Ceylon cinnamon,,セイロンシナモン,Spices,,香辛料,Forest,森
kiwi,Kiwi,,キウイ,Fruits,,果物,Forest,森
mugwort,Mugwort,,ヨモギ,Vegetables/Herbs,,ハーブ,Forest,森
soy_cream,Soy cream,,ソイクリーム,Dairy Alternatives,,乳製品代替品,Field,畑
tea_leaf_willow,Tea leaf willow,,チャノキヤナギ,Vegetables/Herbs,,ハーブ,Forest,森
arepa,Arepa,,アレパ,Bread Products,,パン類,Field,畑
bean,Bean,,豆,Beans,fava,豆類,Field,畑
buttermilk,Buttermilk,,バターミルク,Dairy Products,buttercream,乳製品,Pasture,牧草地
cow_milk_pasteurized_vitamin_d_added_325_fat,"Cow milk, pasteurized, vitamin D added, 3.25% fat",Milk,牛乳（低温殺菌）,Dairy Products,,乳製品,Pasture,牧草地
ginger,Ginger,,ショウガ,Spices,gingersnap,香辛料,Forest,森
hummus,Hummus,,フムス,Spread,,スプレッド,Field,畑
junket,Junket,,ジャンケット,Dairy Products,,乳製品,Pasture,牧草地
kefir,Kefir,,ケフィア,Fermented Dairy Products,,発酵乳製品,Pasture,牧草地
milk__cow_,Milk (Cow),Milk,牛乳,Dairy Products,,乳製品,Pasture,牧草地
milk__other_mammals_,Milk (Other mammals),Milk,他の哺乳類の乳,Dairy Products,,乳製品,Pasture,牧草地
other_dish,Other dish,,その他の料理,Cooking,,料理,Field,畑
other_fermented_milk,Other fermented milk,,その他の発酵乳,Fermented Dairy Products,,発酵乳製品,Pasture,牧草地
pie,Pie,,パイ,Desserts,,デザート,Field,畑
ravioli,Ravioli,,ラビオリ,Noodles,,麺類,Field,畑
sweet_custard,Sweet custard,,甘いカスタード,Desserts,,デザート,Field,畑
tamale,Tamale,,タマーレ,Cooking,,料理,Field,畑
ymer,Ymer,,ユメール,Fermented Dairy Products,,発酵乳製品,Field,畑
black_eyed_pea,Black-eyed pea,,ブラックアイピース,Beans,,豆類,Field,畑
common_verbena,Common verbena,verbena,コモンバーベナ,Vegetables/Herbs,,ハーブ,Forest,森
mexican_oregano,Mexican oregano,,メキシカンオレガノ,Vegetables/Herbs,,ハーブ,Forest,森
steller_sea_lion,Steller sea lion,,ステラーカワウソ,Meets,,肉類,Ocean,海
swiss_chard,Swiss chard,,スイスチャード,Vegetables,,野菜,Field,畑
yardlong_bean,Yardlong bean,,ヤードロングビーン,Beans,,豆類,Field,畑
orange_mint,Orange mint,,オレンジミント,Vegetables/Herbs,,ハーブ,Forest,森
peppermint,Peppermint,,ペパーミント,Vegetables/Herbs,eucalyptus,ハーブ,Forest,森
caraway,Caraway,,キャラウェイ,Spices,,香辛料,Forest,森
dill,Dill,,ディル,Vegetables/Herbs,,ハーブ,Forest,森
almond,Almond,,アーモンド,Nuts,almond extract badam,ナッツ,Forest,森
apricot,Apricot,,アプリコット（杏）,Fruits,níspero,果物,Forest,森
avocado,Avocado,,アボカド,Fruits,guacamole,果物,Forest,森
butternut,Butternut,,バターナット,Nuts,,ナッツ,Forest,森
colorado_pinyon,Colorado pinyon,,コロラドピニョン,Nuts,,ナッツ,Forest,森
common_hazelnut,Common hazelnut,hazelnut,ヘーゼルナッツ,Nuts,,ナッツ,Forest,森
cucumber,Cucumber,,キュウリ,Vegetables,,野菜,Field,畑
grapeseed_oil,Grapeseed oil,,グレープシードオイル,Fats,,油脂,Field,畑
linseed_oil,Linseed oil,,亜麻仁油（リンシードオイル）,Fats,,油脂,Field,畑
pistachio,Pistachio,,ピスタチオ,Nuts,,ナッツ,Forest,森
rapeseed_oil,Rapeseed oil,,菜種油（キャノーラオイル）,Fats,,油脂,Field,畑
soybean_oil,Soybean oil,,大豆油,Fats,,油脂,Field,畑
thistle,Thistle,,アザミ,Vegetables/Herbs,,ハーブ,Forest,森
walnut,Walnut,,クルミ,Nuts,,ナッツ,Forest,森
breakfast_cereal,Breakfast cereal,,ブレックファーストシリアル,Food,,食品,Field,畑
burrito,Burrito,,ブリトー,Cooking,,料理,Field,畑
candy_bar,Candy bar,,キャンディバー,Desserts,,デザート,Field,畑
chervil,Chervil,,チャービル,Vegetables/Herbs,,ハーブ,Forest,森
clupeinae__herring_sardine_sprat_,"Clupeinae (Herring, Sardine, Sprat)",Sardine,ニシン科（ニシン、イワシ、スプラット）,Fish,,魚,Ocean,海
cold_cut,Cold cut,,コールドカット,Meet Products,,肉製品,Pasture,牧草地
columbidae__dove_pigeon_,"Columbidae (Dove, Pigeon)",Pigeon,ハト科（ハト、ドバト）,Meets,,肉類,Ocean,海
common_oregano,Common oregano,oregano,オレガノ,Vegetables/Herbs,,ハーブ,Forest,森
common_sage,Common sage,sage,セージ,Vegetables/Herbs,,ハーブ,Forest,森
dulce_de_leche,Dulce de leche,,ドゥルセ・デ・レチェ,Spread,,スプレッド,Field,畑
egg_substitute,Egg substitute,,卵代替品,Processed Foods,pavlova,加工食品,Field,畑
french_toast,French toast,,フレンチトースト,Desserts,,デザート,Field,畑
frybread,Frybread,,フライブレッド,Bread Products,,パン類,Field,畑
fudge,Fudge,,ファッジ,Desserts,,デザート,Field,畑
greenland_halibut_turbot,Greenland halibut/turbot,,グリーンランドオヒョウ/ターボット,Fish,,魚,Ocean,海
horchata,Horchata,,オルチャータ,Beverages,,飲料,Field,畑
lumpsucker,Lumpsucker,,ダンゴウオ,Fish,,魚,Ocean,海
macaroni_and_cheese,Macaroni and cheese,,マカロニ・アンド・チーズ,Cooking,,料理,Field,畑
other_sandwich,Other sandwich,,その他のサンドイッチ,Cooking,,料理,Field,畑
pan_dulce,Pan dulce,,パン・ドゥルセ,Desserts,,デザート,Field,畑
pepper__spice_,Pepper (Spice),Pepper,コショウ,Spices,spice peppercorn,香辛料,Forest,森
processed_cheese,Processed cheese,,プロセスチーズ,Dairy Products,queso,乳製品,Pasture,牧草地
quail,Quail,,ウズラ,Meets,,肉類,Pasture,牧草地
scrapple,Scrapple,,スクラップル,Meet Products,,肉製品,Pasture,牧草地
spread,Spread,,スプレッド,Spread,,スプレッド,Field,畑
turmeric,Turmeric,,ウコン,Spices,,香辛料,Forest,森
cornmint,Cornmint,,コーンミント,Vegetables/Herbs,,ハーブ,Forest,森
lemon,Lemon,,レモン,Fruits,gremolata yuzu lemon peel zest limoncello citron,果物,Forest,森
spearmint,Spearmint,,スペアミント,Vegetables/Herbs,,ハーブ,Forest,森
hyssop,Hyssop,,ヒソップ,Vegetables/Herbs,,ハーブ,Forest,森
rosemary,Rosemary,,ローズマリー,Vegetables/Herbs,hops lavender,ハーブ,Forest,森
burdock,Burdock,,ゴボウ,Vegetables,,野菜,Field,畑
cardamom,Cardamom,,カルダモン,Spices,mastic,香辛料,Forest,森
coffee,Coffee,,コーヒー,Beverages,espresso,飲料,Forest,森
coffee_and_coffee_products,Coffee and coffee products,,コーヒーおよびコーヒー製品,Beverages/Beverage Alternatives,,飲料/飲料代替品,Field,畑
date,Date,,デーツ,Fruits,jaggery,果物,Forest,森
guava,Guava,,グアバ,Fruits,,果物,Forest,森
parsley,Parsley,,パセリ,Vegetables/Herbs,garnish,ハーブ,Forest,森
purslane,Purslane,,スベリヒユ,Vegetables/Herbs,,ハーブ,Forest,森
remoulade,Remoulade,,レムラード,Seasonings,,調味料,Field,畑
white_mustard,White mustard,,ホワイトマスタード,Spices,,香辛料,Forest,森
fennel,Fennel,,フェンネル,Spices,,香辛料,Forest,森
star_anise,Star anise,,スターアニス,Spices,,香辛料,Forest,森
canola,Canola,,キャノーラ,Oilseeds,,野菜/油料,Field,畑
canola_oil,Canola oil,,キャノーラオイル,Fats,,油脂,Field,畑
carrot,Carrot,,ニンジン,Root vegetables,,根菜,Field,畑
cherimoya,Cherimoya,,チェリモヤ,Fruits,,果物,Forest,森
chia,Chia,,チア,Seeds,,種子,Field,畑
cocoa_bean,Cocoa bean,,カカオ豆,Seeds,,種子,Forest,森
evening_primrose,Evening primrose,,イブニングプリムローズ,Vegetables,,野菜,Forest,森
flaxseed,Flaxseed,,亜麻仁（フラックスシード）,Seeds,,種子,Field,畑
garden_cress,Garden cress,,ガーデンクレス,Vegetables/Herbs,,ハーブ,Forest,森
margarine,Margarine,,マーガリン,Fats,,油脂,Field,畑
olive,Olive,,オリーブ,Vegetables,,野菜,Field,畑
opium_poppy,Opium poppy,,ケシ（アヘンケシ）,Seeds,,種子,Field,畑
papaya,Papaya,,パパイヤ,Fruits,,果物,Forest,森
pine_nut,Pine nut,,松の実,Seeds,,種子,Forest,森
rape,Rape,,アブラナ（菜種）,Oilseeds,,野菜/油料,Field,畑
safflower,Safflower,,ベニバナ,Oilseeds,,野菜/油料,Field,畑
sour_cherry,Sour cherry,,サワーチェリー,Fruits,,果物,Forest,森
summer_savory,Summer savory,,サマ―セイボリー,Vegetables/Herbs,,ハーブ,Forest,森
watermelon,Watermelon,,スイカ,Fruits,,果物,Field,畑
wild_carrot,Wild carrot,,ワイルドキャロット,Vegetables/Herbs,,ハーブ,Field,畑
blue_mussel,Blue mussel,,ムラサキイガイ,Mollusks,,貝類,Ocean,海
catjang_pea,Catjang pea,,キャットジャングピー,Beans,,豆類,Field,畑
coffee_substitute,Coffee substitute,,コーヒー代替品,Beverages/Beverage Alternatives,,飲料/飲料代替品,Field,畑
corn_salad,Corn salad,,コーンサラダ,Vegetables,,野菜,Field,畑
couscous,Couscous,,クスクス,Grains,,穀物,Field,畑
cucurbita,Cucurbita,,カボチャ属,Vegetables,,野菜,Field,畑
eggplant,Eggplant,,ナス,Vegetables,,野菜,Field,畑
endive,Endive,,エンダイブ,Vegetables,,野菜,Field,畑
evaporated_milk,Evaporated milk,,エバミルク,Dairy Products,,乳製品,Pasture,牧草地
gefilte_fish,Gefilte fish,,ゲフィルテフィッシュ,Processed Foods,,加工食品,Ocean,海
gram_bean,Gram bean,,グラムビーン,Beans,,豆類,Field,畑
leavening_agent,Leavening agent,,膨張剤,Seasonings,,調味料,Field,畑
mango,Mango,,マンゴー,Fruits,chutney,果物,Forest,森
marine_mussel,Marine mussel,,海洋性ムール貝,Mollusks,,貝類,Ocean,海
pacific_oyster,Pacific oyster,,太平洋カキ,Mollusks,,貝類,Ocean,海
pea_shoots,Pea shoots,,エンドウの若芽,Vegetables,,野菜,Forest,森
pepper__c_frutescens_,Pepper (C. frutescens),,トウガラシ（C.フルテセンス）,Spices,,香辛料,Forest,森
potato,Potato,,ジャガイモ,Root vegetables,starch,根菜,Field,畑
potato_bread,Potato bread,,ポテトブレッド,Bread Products,,パン類,Field,畑
radish,Radish,,ラディッシュ,Root vegetables,,根菜,Field,畑
rye_bread,Rye bread,,ライブレッド,Bread Products,,パン類,Field,畑
soft_necked_garlic,Soft-necked garlic,,ソフトネックガーリック,Vegetables/Herbs,,ハーブ,Field,畑
stuffing,Stuffing,,スタッフィング,Cooking,,料理,Field,畑
tofu,Tofu,,豆腐,Processed Foods,,加工食品,Field,畑
true_oyster,True oyster,,マガキ,Mollusks,,貝類,Ocean,海
wheat_bread,Wheat bread,,小麦パン,Bread Products,breadcrumb bun,パン類,Field,畑
acorn_squash,Acorn squash,,エーコンスカッシュ,Vegetables,,野菜,Field,畑
allium,Allium,,アリウム,Vegetables/Herbs,scallion,ハーブ,Forest,森
bamboo_shoots,Bamboo shoots,,タケノコ,Vegetables,,野菜,Field,畑
butternut_squash,Butternut squash,,バターナッツスカッシュ,Vegetables,,野菜,Field,畑
celery_stalks,Celery stalks,,セロリの茎,Root vegetables,,根菜,Field,畑
common_bean,Common bean,bean,インゲンマメ,Beans,,豆類,Field,畑
common_persimmon,Common persimmon,persimmon,柿,Fruits,,果物,Forest,森
daikon_radish,Daikon radish,,ダイコン,Root vegetables,,根菜,Field,畑
french_plantain,French plantain,,フレンチプランテン,Fruits,,果物,Forest,森
green_bean,Green bean,,サヤインゲン,Vegetables,,野菜,Field,畑
green_zucchini,Green zucchini,,緑のズッキーニ,Vegetables,courgette,野菜,Field,畑
iceberg_lettuce,Iceberg lettuce,,アイスバーグレタス,Vegetables,,野菜,Field,畑
italian_sweet_red_pepper,Italian sweet red pepper,,イタリアンスイートレッドペッパー,Vegetables/Spices,,野菜/香辛料,Forest,森
japanese_pumpkin,Japanese pumpkin,,カボチャ,Vegetables,,野菜,Field,畑
mandarin_orange__clementine_tangerine_,"Mandarin orange (Clementine, Tangerine)",Mandarin orange,ミカン（クレメンタイン、タンジェリン）,Fruits,,果物,Forest,森
mung_bean,Mung bean,,緑豆（ムングビーン）,Beans,,豆類,Field,畑
nopal,Nopal,,ノパール,Vegetables,,野菜,Field,畑
pepper,Pepper,,トウガラシ,Spices,,香辛料,Forest,森
persimmon,Persimmon,,柿,Fruits,,果物,Forest,森
relish,Relish,,レリッシュ,Seasonings,,調味料,Field,畑
sacred_lotus,Sacred lotus,,ハス（蓮）,Vegetables/Herbs,,ハーブ,Forest,森
scallop,Scallop,,ホタテ,Seafood,,魚介類,Ocean,海
star_fruit,Star fruit,,スターフルーツ,Fruits,,果物,Forest,森
sunburst_squash__pattypan_squash_,Sunburst squash (pattypan squash),Sunburst squash,サンバーストスカッシュ（パティパン）,Vegetables,,野菜,Field,畑
winter_squash,Winter squash,,冬カボチャ,Vegetables,,野菜,Field,畑
yellow_wax_bean,Yellow wax bean,,黄サヤインゲン,Vegetables,,野菜,Field,畑
yellow_zucchini,Yellow zucchini,,黄色ズッキーニ,Vegetables,,野菜,Field,畑
breadnut_tree_seed,Breadnut tree seed,,ブレッドナッツツリーシード,Seeds,,種子,Field,畑
cattle__beef_veal_,"Cattle (Beef, Veal)",Beef,牛（ビーフ）,Meets,"rib chuck roast boneless leg steak veal sirloin ox feet
",肉類,Pasture,牧草地
common_pea,Common pea,pea,エンドウマメ,Beans,,豆類,Field,畑
cuttlefish,Cuttlefish,,コウイカ,Seafood,,魚介類,Ocean,海
deer,Deer,,シカ,Meets,,肉類,Pasture,牧草地
gelatin_dessert,Gelatin dessert,,ゼラチンデザート,Desserts,,デザート,Field,畑
green_lentil,Green lentil,,緑レンズ豆,Beans,,豆類,Field,畑
meat_bouillon,Meat bouillon,,肉ブイヨン,Seasonings,chicken stock gravy skewers,調味料,Field,畑
oriental_wheat,Oriental wheat,,東洋小麦,Grains,,穀物,Field,畑
pigeon_pea,Pigeon pea,,ピジョンピー,Beans,,豆類,Field,畑
rabbit,Rabbit,,ウサギ,Meets,,肉類,Pasture,牧草地
rye,Rye,,ライ麦,Grains,,穀物,Field,畑
skipjack_tuna,Skipjack tuna,,カツオ,Fish,,魚,Ocean,海
snow_crab,Snow crab,,ズワイガニ,Seafood,,魚介類,Ocean,海
sockeye_salmon,Sockeye salmon,,ベニザケ,Fish,,魚,Ocean,海
spelt,Spelt,,スペルト,Grains,,穀物,Field,畑
spiny_lobster,Spiny lobster,,イセエビ,Seafood,,魚介類,Ocean,海
unclassified_food_or_beverage,Unclassified food or beverage,,未分類食品または飲料,Beverages/Beverage Alternatives,,飲料/飲料代替品,Field,畑
wheat,Wheat,,小麦,Grains,,穀物,Field,畑
whey,Whey,,ホエイ,Dairy Products,,乳製品,Pasture,牧草地
winged_bean,Winged bean,,ツノマメ,Beans,,豆類,Field,畑
yellowtail_amberjack,Yellowtail amberjack,,ブリ,Fish,,魚,Ocean,海
butter,Butter,,バター,Dairy Products,ghee,乳製品,Pasture,牧草地
butterfat,Butterfat,,バター脂肪,Dairy Products,,乳製品,Pasture,牧草地
coconut,Coconut,,ココナッツ,Fruits,,果物,Forest,森
cupuau,Cupuaçu,,クプアス,Fruits,,果物,Forest,森
dripping,Dripping,,ドリッピング,Animal Fats,,動物性脂肪,Pasture,牧草地
fish_oil,Fish oil,,魚油,Fats,,油脂,Ocean,海
lard,Lard,,ラード,Animal Fats,,動物性脂肪,Pasture,牧草地
salted_butter,Salted butter,,有塩バター,Dairy Products,,乳製品,Pasture,牧草地
shea_tree,Shea tree,,シアツリー,Oilseeds,,野菜/油料,Forest,森
apple,Apple,,リンゴ,Fruits,bramley,果物,Forest,森
butter_substitute,Butter substitute,,バター代替品,Processed Foods,,加工食品,Field,畑
cinnamon,Cinnamon,,シナモン,Spices,,香辛料,Forest,森
conch,Conch,,巻貝（コンク）,Mollusks,,貝類,Ocean,海
elderberry,Elderberry,,ニワトコ,Fruits,,果物,Forest,森
garden_rhubarb,Garden rhubarb,,ガーデンルバーブ,Vegetables/Herbs,,ハーブ,Forest,森
grape,Grape,,ブドウ,Fruits,,果物,Forest,森
hard_wheat,Hard wheat,,硬質小麦,Grains,,穀物,Field,畑
hibiscus_tea,Hibiscus tea,,ハイビスカスティー,Beverages,,飲料,Forest,森
jellyfish,Jellyfish,,クラゲ,Seafood,,魚介類,Ocean,海
milk_substitute,Milk substitute,,ミルク代替品,Dairy Alternatives,,乳製品代替品,Field,畑
morchella__morel_,Morchella (Morel),,アミガサタケ（モレル）,Mushrooms,,キノコ,Forest,森
other_cereal_product,Other cereal product,,その他穀物製品,Grains,grain,穀物,Field,畑
other_pasta_dish,Other pasta dish,,その他パスタ料理,Cooking,tortellini farro polenta,料理,Field,畑
pikeperch,Pikeperch,,パイクパーチ,Fish,,魚,Ocean,海
pleuronectidae__dab_halibut_plaice_,"Pleuronectidae (Dab, Halibut, Plaice)",,カレイ科（ダブ、オヒョウ、カレイ）,Fish,,魚,Ocean,海
prunus__cherry_plum_,"Prunus (Cherry, Plum)",,サクラ属（チェリー、プラム）,Fruits,plumcot,果物,Forest,森
snail,Snail,,カタツムリ,Mollusks,,貝類,Forest,森
lovage,Lovage,,ラベージ,Vegetables/Herbs,,ハーブ,Forest,森
tarragon,Tarragon,,タラゴン,Vegetables/Herbs,,ハーブ,Forest,森
focaccia,Focaccia,,フォカッチャ,Bread Products,,パン類,Field,畑
gooseberry,Gooseberry,,グーズベリー,Fruits,,果物,Forest,森
kumquat,Kumquat,,キンカン,Fruits,,果物,Forest,森
new_zealand_spinach,New Zealand spinach,,ニュージーランドホウレンソウ,Vegetables,,野菜,Field,畑
other_bread,Other bread,,その他パン類,Bread Products,,パン類,Field,畑
other_fruit_product,Other fruit product,,その他果実製品,Fruit Products,,果物製品,Forest,森
pear,Pear,,洋ナシ,Fruits,babycham,果物,Forest,森
pineapple,Pineapple,,パイナップル,Fruits,,果物,Forest,森
rice_cake,Rice cake,,ライスケーキ,Snacks,paper,スナック,Field,畑
rock_ptarmigan,Rock ptarmigan,,雷鳥（ライチョウ）,Meets,,肉類,Pasture,牧草地
salad,Salad,,サラダ,Cooking,,料理,Field,畑
salmonidae__salmon_trout_,"Salmonidae (Salmon, Trout)",,サケ科（サケ、マス）,Fish,,魚,Ocean,海
strawberry_guava,Strawberry guava,,ストロベリーグアバ,Fruits,,果物,Forest,森
sturgeon,Sturgeon,,チョウザメ,Fish,,魚,Ocean,海
tortilla_chip,Tortilla chip,,トルティーヤチップス,Snacks,,スナック,Field,畑
angelica,Angelica,,アンゼリカ,Vegetables/Herbs,,ハーブ,Forest,森
asian_pear,Asian pear,,アジアナシ,Fruits,,果物,Forest,森
broad_bean,Broad bean,,ソラマメ,Beans,,豆類,Field,畑
calabash,Calabash,,カラバッシュ,Vegetables/Fruits,,野菜/果実,Forest,森
capers,Capers,,ケイパー,Spices/Plants,,香辛料/野菜,Forest,森
chinese_mustard,Chinese mustard,,チャイニーズマスタード,Vegetables/Herbs,,ハーブ,Forest,森
green_plum,Green plum,,青梅（グリーンプラム）,Fruits,,果物,Forest,森
nectarine,Nectarine,,ネクタリン,Fruits,,果物,Forest,森
sesbania_flower,Sesbania flower,,セスバニアフラワー,Vegetables/Herbs,,ハーブ,Forest,森
sweet_orange,Sweet orange,,スイートオレンジ,Fruits,,果物,Forest,森
cocktail,Cocktail,,カクテル,Alcoholic Beverages,pernod triple sec prosecco,アルコール飲料,Forest,森
liquor,Liquor,,リキュール,Alcoholic Beverages,amaro grand marnier,アルコール飲料,Forest,森
madeira_wine,Madeira wine,,マデイラワイン,Alcoholic Beverages,,アルコール飲料,Forest,森
port_wine,Port wine,,ポートワイン,Alcoholic Beverages,,アルコール飲料,Forest,森
sake,Sake,,日本酒,Alcoholic Beverages,,アルコール飲料,Forest,森
vermouth,Vermouth,,ベルモット,Alcoholic Beverages,,アルコール飲料,Forest,森
black_cabbage,Black cabbage,,ブラックキャベツ,Vegetables,,野菜,Field,畑
cantaloupe_melon,Cantaloupe melon,,カンタロープメロン,Fruits,,果物,Forest,森
chinese_cabbage,Chinese cabbage,,チンゲンサイ,Vegetables,,野菜,Field,畑
common_beet,Common beet,beet,ビート,Vegetables,,野菜,Field,畑
common_cabbage,Common cabbage,cabbage,キャベツ,Vegetables,,野菜,Field,畑
corn_grits,Corn grits,,コーングリッツ,Grain Products,,穀物製品,Field,畑
dock,Dock,,スイバ,Vegetables/Herbs,,ハーブ,Forest,森
feijoa,Feijoa,,フェイジョア,Fruits,,果物,Forest,森
garden_onion,Garden onion,,タマネギ,Vegetables,,野菜,Field,畑
garden_onion__var_,Garden onion (var.),,タマネギ（別品種）,Vegetables,,野菜,Field,畑
garden_tomato,Garden tomato,,トマト,Vegetables,marinara sauce,野菜,Field,畑
heart_of_palm,Heart of palm,,ハートオブパーム,Vegetables/Herbs,,ハーブ,Forest,森
japanese_persimmon,Japanese persimmon,,柿,Fruits,,果物,Forest,森
kale,Kale,,ケール,Vegetables,wheatgrass,野菜,Field,畑
kelp,Kelp,,昆布,Seaweed,dashi katsuobushi,海藻,Ocean,海
leek,Leek,,リーキ,Vegetables,,野菜,Field,畑
maitake,Maitake,,マイタケ,Mushrooms,,キノコ,Forest,森
mamey_sapote,Mamey sapote,,マメイサポテ,Fruits,,果物,Forest,森
marshmallow,Marshmallow,,マシュマロ,Sweets,"marshmallows
",菓子,Field,畑
napa_cabbage,Napa cabbage,,ハクサイ,Vegetables,,野菜,Field,畑
okra,Okra,,オクラ,Vegetables,ladyfinger,野菜,Field,畑
other_vegetable_product,Other vegetable product,,その他野菜製品,Vegetables,oshinko,野菜,Field,畑
pak_choy,Pak choy,,パクチョイ,Vegetables,,野菜,Field,畑
red_bell_pepper,Red bell pepper,,赤パプリカ,Vegetables,,野菜,Field,畑
sorrel,Sorrel,,スイバ,Vegetables/Herbs,,ハーブ,Forest,森
topping,Topping,,トッピング,Seasonings/Additives,furikake,調味料/付加物,Field,畑
wakame,Wakame,,ワカメ,Seaweed,,海藻,Ocean,海
white_cabbage,White cabbage,,白キャベツ,Vegetables,,野菜,Field,畑
yam,Yam,,ヤムイモ,Vegetables,nagaimo,野菜,Field,畑
black_walnut,Black walnut,,ブラックウォルナット,Nuts,,ナッツ,Forest,森
cloves,Cloves,,クローブ,Spices,,香辛料,Forest,森
agar,Agar,,アガー,Food Additives,,食品添加物,Field,畑
chewing_gum,Chewing gum,,チューインガム,Sweets,,菓子,Field,畑
chicory_roots,Chicory roots,,チコリの根,Vegetables/Herbs,,ハーブ,Forest,森
coriander,Coriander,,コリアンダー,Spices,cilantro,香辛料,Forest,森
fruit_juice,Fruit juice,,フルーツジュース,Beverages,,飲料,Forest,森
fruit_salad,Fruit salad,,フルーツサラダ,Desserts,,デザート,Forest,森
monk_fruit,Monk fruit,,羅漢果（モンクフルーツ）,Fruits,,果物,Forest,森
pectin,Pectin,,ペクチン,Food Additives,,食品添加物,Field,畑
persian_lime,Persian lime,,ペルシャライム,Fruits,,果物,Forest,森
rubus__blackberry_raspberry_,"Rubus (Blackberry, Raspberry)",Raspberry,ブラックベリー、ラズベリ,Fruits,lingonberries,果物,Forest,森
sugar,Sugar,,砂糖,Seasonings,stevia oligosaccharide treacle,調味料,Field,畑
swede,Swede,,スウェード（ルタバガ）,Vegetables,,野菜,Field,畑
towel_gourd,Towel gourd,,ヘチマ,Vegetables,,野菜,Field,畑
tree_fern,Tree fern,,ツリーファーン,Vegetables,,野菜,Field,畑
vaccinium__blueberry_cranberry_huckleberry_,"Vaccinium (Blueberry, Cranberry, Huckleberry)",,スノキ属（ブルーベリー、クランベリー、ハックルベリー）,Fruits,,果物,Forest,森
vegetable_juice,Vegetable juice,,野菜ジュース,Beverages,,飲料,Forest,森
vinegar,Vinegar,,酢,Seasonings,marinade vinaigrette ponzu balsamic vinegar,調味料,Field,畑
wax_gourd,Wax gourd,,トウガン,Vegetables,,野菜,Field,畑
yellow_pond_lily,Yellow pond-lily,,黄睡蓮,Vegetables,,野菜,Field,畑
black_elderberry,Black elderberry,,ブラックエルダーベリー,Fruits,,果物,Forest,森
bog_bilberry,Bog bilberry,,ボグビルベリー,Fruits,,果物,Forest,森
energy_drink,Energy drink,,エナジードリンク,Beverages,,飲料,Forest,森
european_cranberry,European cranberry,,ヨーロピアンクランベリー,Fruits,,果物,Forest,森
grapefruit,Grapefruit,,グレープフルーツ,Fruits,,果物,Forest,森
grapefruit_pummelo_hybrid,Grapefruit/Pummelo hybrid,,グレープフルーツ/ブンタンハイブリッド,Fruits,,果物,Forest,森
honey,Honey,,ハチミツ,Seasonings,maple,調味料,Field,畑
pie_filling,Pie filling,,パイフィリング,Desserts,,デザート,Field,畑
red_huckleberry,Red huckleberry,,レッドハックルベリー,Fruits,,果物,Forest,森
soy_milk,Soy milk,,豆乳,Dairy Alternatives,,乳製品代替品,Field,畑
soy_yogurt,Soy yogurt,,ソイヨーグルト,Dairy Alternatives,,乳製品代替品,Field,畑
tapioca_pearl,Tapioca pearl,,タピオカパール,Desserts,sabudana,デザート,Field,畑
borage,Borage,,ボリジ,Vegetables/Herbs,,ハーブ,Forest,森
chili,Chili,,チリ,Spices,chilli poblano chipotle guajillo ancho jalapeños jalape,香辛料,Forest,森
chinese_broccoli,Chinese broccoli,,チンゲンサイ,Vegetables,,野菜,Field,畑
common_grape,Common grape,grape,ブドウ,Fruits,,果物,Forest,森
cowpea,Cowpea,,ササゲ,Beans,,豆類,Field,畑
crayfish,Crayfish,,ザリガニ,Seafood,,魚介類,Ocean,海
globe_artichoke,Globe artichoke,,グローブアーティチョーク,Vegetables,,野菜,Field,畑
green_turtle,Green turtle,,アオウミガメ,Meets,,肉類,Ocean,海
jalapeno_pepper,Jalapeno pepper,,ハラペーニョペッパー,Spices,,香辛料,Forest,森
lemon_grass,Lemon grass,,レモングラス,Vegetables/Herbs,,ハーブ,Forest,森
lichee,Lichee,,ライチ,Fruits,,果物,Forest,森
malus__crab_apple_,Malus (Crab apple),,リンゴ属（クラブアップル）,Fruits,,果物,Forest,森
mammee_apple,Mammee apple,,マミーアップル,Fruits,,果物,Forest,森
pollock,Pollock,,ポラック,Fish,,魚,Ocean,海
rocket_salad__ssp_,Rocket salad (ssp.),,ルッコラ,Vegetables,arugula microgreen forest,野菜,Field,畑
salad_dressing,Salad dressing,,サラダドレッシング,Seasonings,,調味料,Field,畑
tamarind,Tamarind,,タマリンド,Fruits,,果物,Forest,森
true_frog,True frog,,カエル類（トゥルーフロッグ）,Seafood Products,,魚介製品,Ocean,海
anguilliformes,Anguilliformes,,アンギウラ目（ウナギ目）,Fish,,魚,Ocean,海
breadfruit,Breadfruit,,パンの実,Fruits,,果物,Forest,森
egg_roll,Egg roll,,エッグロール,Snacks,,スナック,Field,畑
eggs,Eggs,,卵,Meets,omelette york,肉類,Pasture,牧草地
empanada,Empanada,,エンパナーダ,Cooking,,料理,Field,畑
hickory_nut,Hickory nut,,ヒッコリーナッツ,Nuts,,ナッツ,Forest,森
macadamia_nut,Macadamia nut,,マカダミアナッツ,Nuts,,ナッツ,Forest,森
macadamia_nut__m_tetraphylla_,Macadamia nut (M. tetraphylla),,マカダミアナッツ（M. tetraphylla）,Nuts,,ナッツ,Forest,森
marzipan,Marzipan,,マジパン,Sweets,,菓子,Field,畑
meatloaf,Meatloaf,,ミートローフ,Cooking,,料理,Pasture,牧草地
nachos,Nachos,,ナチョス,Snacks,,スナック,Field,畑
pie_crust,Pie crust,,パイクラスト,Bread Products,croissant quiche farine galette bakewell,パン類,Field,畑
popcorn,Popcorn,,ポップコーン,Snacks,,スナック,Field,畑
scombridae__bonito_mackerel_tuna_,"Scombridae (Bonito, Mackerel, Tuna)",Bonito,カツオ、サバ、マグロ,Fish,,魚,Ocean,海
domestic_goat,Domestic goat,Goat,ヤギ,Meets,,肉類,Pasture,牧草地
taro,Taro,,タロイモ,Root vegetables,,根菜,Field,畑
tea,Tea,,お茶,Root vegetables,lapsang souchong,根菜,Forest,森
corn,Corn,,トウモロコシ,Grains,masa harina polenta hominy,穀物,Field,畑
lime,Lime,,ライム,Fruits,,果物,Forest,森
baked_beans,Baked beans,,ベイクドビーンズ,Beans,,豆類,Field,畑
brussel_sprouts,Brussel sprouts,,ブリュッセルスプラウト,Vegetables,,野菜,Field,畑
cassava,Cassava,,キャッサバ,Root vegetables,,根菜,Field,畑
chayote,Chayote,,チャヨテ,Vegetables,,野菜,Field,畑
chinese_chestnut,Chinese chestnut,,中国栗,Nuts/Fruits,,ナッツ/果物,Forest,森
chinese_chives,Chinese chives,,チャイニーズチャイブス,Vegetables/Herbs,,ハーブ,Field,畑
cow_milk_pasteurized_vitamin_a__d_added_0_fat,"Cow milk, pasteurized, vitamin A + D added, 0% fat",Milk,牛乳（低温殺菌、ビタミンA+D添加、0%脂肪）,Dairy Products,,乳製品,Pasture,牧草地
cow_milk_pasteurized_vitamin_a__d_added_1_fat,"Cow milk, pasteurized, vitamin A + D added, 1% fat",,牛乳（低温殺菌、ビタミンA+D添加、1%脂肪）,Dairy Products,,乳製品,Pasture,牧草地
cow_milk_pasteurized_vitamin_a__d_added_2_fat,"Cow milk, pasteurized, vitamin A + D added, 2% fat",,牛乳（低温殺菌、ビタミンA+D添加、2%脂肪）,Dairy Products,,乳製品,Pasture,牧草地
eastern_oyster,Eastern oyster,,イースタンオイスター,Mollusks,,貝類,Ocean,海
horseradish_tree,Horseradish tree,,ホースラディッシュツリー,Vegetables/Spices,,野菜/香辛料,Forest,森
hot_chocolate,Hot chocolate,,ホットチョコレート,Desserts,,デザート,Field,畑
ketchup,Ketchup,,ケチャップ,Seasonings,,調味料,Field,畑
longan,Longan,,ロンガン,Fruits,,果物,Forest,森
lotus,Lotus,,ハス（蓮）,Vegetables,,野菜,Field,畑
stew,Stew,,シチュー,Cooking,,料理,Field,畑
succotash,Succotash,,サコタッシュ,Cooking,,料理,Field,畑
teff,Teff,,テフ,Grains,,穀物,Field,畑
water_spinach,Water spinach,,空芯菜（クウシンサイ）,Vegetables,,野菜,Field,畑
wild_rice,Wild rice,,ワイルドライス,Grains,,穀物,Field,畑
yogurt,Yogurt,,ヨーグルト,Dairy Products,tzatziki,乳製品,Pasture,牧草地
gelatin,Gelatin,,ゼラチン,Food Additives,,食品添加物,Field,畑
lupine,Lupine,,ルピナス,Beans,,豆類,Field,畑
smelt,Smelt,,ワカサギ,Fish,,魚,Ocean,海
spirulina,Spirulina,,スピルリナ,Seaweed,,海藻,Ocean,海
white_lupine,White lupine,,ホワイトルピナス,Beans,,豆類,Field,畑
american_cranberry,American cranberry,,アメリカン・クランベリー,Fruits,barberry,果物,Forest,森
blue_cheese,Blue cheese,,ブルーチーズ,Dairy Products,roquefort geotrichum candidum,乳製品,Pasture,牧草地
brazil_nut,Brazil nut,,ブラジルナッツ,Nuts,,ナッツ,Forest,森
cheese,Cheese,,チーズ,Dairy Products,cheesecloth provolone limburger,乳製品,Pasture,牧草地
cocoa_powder,Cocoa powder,,ココアパウダー,Seasonings,,調味料,Field,畑
dried_milk,Dried milk,,ドライミルク,Dairy Products,,乳製品,Pasture,牧草地
parmesan_cheese,Parmesan cheese,,パルメザンチーズ,Dairy Products,parmigiano reggiano,乳製品,Pasture,牧草地
sausage,Sausage,,ソーセージ,Meet Products,chorizo salami bratwurst pepperoni kielbasa,肉製品,Pasture,牧草地
swiss_cheese,Swiss cheese,,スイスチーズ,Dairy Products,,乳製品,Pasture,牧草地
agave,Agave,,アガベ,Vegetables,tequila,野菜,Field,畑
akutaq,Akutaq,,アクタク,Cooking,,料理,Field,畑
alaska_blackfish,Alaska blackfish,,アラスカブラックフィッシュ,Fish,,魚,Ocean,海
alaska_blueberry,Alaska blueberry,,アラスカブルーベリー,Fruits,,果物,Forest,森
albizia_gummifera,Albizia gummifera,,アルビジア・ガミフェラ,Vegetables/Herbs,,ハーブ,Forest,森
alcoholic_beverages,Alcoholic beverages,,アルコール飲料,Beverages,bourbon calvados,飲料,Forest,森
almond_milk,Almond milk,,アーモンドミルク,Dairy Alternatives,,乳製品代替品,Field,畑
alpine_sweetvetch,Alpine sweetvetch,,アルプス・スウィートベッチ,Vegetables,,野菜,Field,畑
andean_blackberry,Andean blackberry,,アンデス・ブラックベリー,Fruits,,果物,Forest,森
annual_wild_rice,Annual wild rice,,年間野生米,Grains,millet basmati,穀物,Field,畑
apple_cider,Apple cider,,アップルサイダー,Beverages,,飲料,Forest,森
arabica_coffee,Arabica coffee,,アラビカコーヒー,Beverages,,飲料,Forest,森
arctic_blackberry,Arctic blackberry,,アークティック・ブラックベリー,Fruits,,果物,Forest,森
arrowhead,Arrowhead,,アロウヘッド,Vegetables,,野菜,Field,畑
arrowroot,Arrowroot,,アロールート,Root vegetables,,根菜,Field,畑
ascidians,Ascidians,,ムシカシ,Marine Animals,,海洋動物,Ocean,海
asparagus_fern,Asparagus fern,,アスパラガス・ファーン,Vegetables,,野菜,Field,畑
asparagus_racemosus,Asparagus racemosus,,アスパラガス・ラセモス,Vegetables,,野菜,Field,畑
banana,Banana,,バナナ,Fruits,,果物,Forest,森
bayberry,Bayberry,,ベイベリー,Fruits,,果物,Forest,森
berry_wine,Berry wine,,ベリーワイン,Beverages,,飲料,Forest,森
beverages,Beverages,,飲料,Beverages,,飲料,Field,畑
bison,Bison,,バイソン,Meets,,肉類,Pasture,牧草地
black_chokeberry,Black chokeberry,,ブラック・チョークベリー,Fruits,,果物,Forest,森
black_crowberry,Black crowberry,,ブラック・クロウベリー,Fruits,,果物,Forest,森
black_huckleberry,Black huckleberry,,ブラック・ハックルベリー,Fruits,,果物,Forest,森
black_plum,Black plum,,ブラックプラム,Fruits,,果物,Forest,森
black_radish,Black radish,,ブラックラディッシュ,Vegetables,,野菜,Field,畑
black_raisin,Black raisin,,ブラックレーズン,Fruits,,果物,Forest,森
black_raspberry,Black raspberry,,ブラックラズベリー,Fruits,,果物,Forest,森
black_salsify,Black salsify,,ブラック・サルシフィ,Vegetables,,野菜,Field,畑
black_tea,Black tea,,ブラックティー,Beverages,,飲料,Forest,森
blackberry,Blackberry,,ブラックベリー,Fruits,,果物,Forest,森
blackcurrant,Blackcurrant,,ブラックカラント,Fruits,cassis,果物,Forest,森
blue_whiting,Blue whiting,,ブルーワイティング,Fish,,魚,Ocean,海
bowhead_whale,Bowhead whale,,ボウヘッド・クジラ,Marine Animals,,海洋動物,Ocean,海
boysenberry,Boysenberry,,ボイセンベリー,Fruits,,果物,Forest,森
brassicas,Brassicas,,ブラッシカス,Vegetables,,野菜,Field,畑
broad_whitefish,Broad whitefish,,ブロード・ホワイトフィッシュ,Fish,,魚,Ocean,海
buffalo,Buffalo,,バッファロー,Meets,venison,肉類,Pasture,牧草地
buffalo_currant,Buffalo currant,,バッファロー・カラン,Fruits,,果物,Forest,森
canada_blueberry,Canada blueberry,,カナダブルーベリー,Fruits,,果物,Forest,森
cannellini_bean,Cannellini bean,,カンネリーニビーンズ,Beans,,豆類,Field,畑
cape_gooseberry,Cape gooseberry,,ケープ・グーズベリー,Fruits,,果物,Forest,森
cardoon,Cardoon,,カードーン,Vegetables,,野菜,Field,畑
cascade_huckleberry,Cascade huckleberry,,カスケード・ハックルベリー,Fruits,,果物,Forest,森
cashew_nut,Cashew nut,,カシューナッツ,Nuts,,ナッツ,Forest,森
castanospermum_australe,Castanospermum australe,,キャスタノスペルム・オーストラーレ,Vegetables,,野菜,Forest,森
celeriac,Celeriac,,セレリアック,Vegetables,,野菜,Field,畑
cereals_and_cereal_products,Cereals and cereal products,,穀物と穀物製品,Grains,,穀物,Field,畑
cetacea__dolphin_porpoise_whale_,"Cetacea (Dolphin, Porpoise, Whale)",,クジラ目（イルカ、ネズミイルカ、クジラ）,Marine Animals,,海洋動物,Ocean,海
chanterelle,Chanterelle,,チャンテレル,Mushrooms,truffle,キノコ,Forest,森
charr,Charr,,チャール,Fish,,魚,Ocean,海
cheddar_cheese,Cheddar Cheese,,チェダーチーズ,Dairy Products,gouda,乳製品,Pasture,牧草地
cherry_tomato,Cherry tomato,,チェリートマト,Vegetables,,野菜,Field,畑
chicken,Chicken,,チキン,Meets,gizzard foie gras,肉類,Pasture,牧草地
chicory_leaves,Chicory leaves,,チコリの葉,Vegetables/Herbs,,ハーブ,Forest,森
chineese_plum,Chinese plum,,チャイニーズプラム,Fruits,,果物,Forest,森
chinese_bayberry,Chinese bayberry,,チャイニーズベイベリー,Fruits,,果物,Forest,森
chinese_cinnamon,Chinese cinnamon,,チャイニーズシナモン,Spices,,香辛料,Forest,森
chinese_water_chestnut,Chinese water chestnut,,チャイニーズウォーターチェストナット,Vegetables,,野菜,Field,畑
citrus,Citrus,,シトラス,Fruits,,果物,Forest,森
climbing_bean,Climbing bean,,クライミングビーン,Beans,,豆類,Field,畑
cloud_ear_fungus,Cloud ear fungus,,クラウドイヤーファンガス,Mushrooms,mold,キノコ,Forest,森
cloudberry,Cloudberry,,クラウドベリー,Fruits,,果物,Forest,森
coalfish_pollock,Coalfish pollock,,コールフィッシュ・ポロック,Fish,,魚,Ocean,海
cocoa_and_cocoa_products,Cocoa and cocoa products,,ココアとココア製品,Beverages,,飲料,Forest,森
cocoa_liquor,Cocoa liquor,,ココアリキュール,Beverages,,飲料,Forest,森
coconut_milk,Coconut milk,,ココナッツミルク,Dairy Alternatives,,乳製品代替品,Field,畑
common_chokecherry,Common chokecherry,chokecherry,コモン・チョークチェリー,Fruits,,果物,Forest,森
common_dab,Common dab,dab,コモンダブ,Fish,,魚,Ocean,海
common_octopus,Common octopus,octopus,コモン・タコ,Seafood,,魚介類,Ocean,海
common_salsify,Common salsify,salsify,コモン・サルシフィ,Vegetables,,野菜,Field,畑
common_walnut,Common walnut,walnut,コモン・ウォールナット,Nuts,,ナッツ,Forest,森
common_wheat,Common wheat,wheat,コモン・ウィート,Grains,,穀物,Field,畑
common_wheat,Corn oil,,コーンオイル,Fats,,油脂,Field,畑
crosne,Crosne,,クロスネ,Vegetables,,野菜,Field,畑
crustaceans,Crustaceans,,甲殻類,Crustaceans,,甲殻類,Ocean,海
cubanelle_pepper,Cubanelle pepper,,キュバネレペッパー,Spices/Plants,,香辛料/野菜,Forest,森
curry_powder,Curry powder,,カレーパウダー,Spices,,香辛料,Forest,森
deerberry,Deerberry,,デアベリー,Fruits,,果物,Forest,森
dessert_wine,Dessert wine,,デザートワイン,Beverages,prosecco,飲料,Forest,森
devilfish,Devilfish,,デビルフィッシュ,Fish,,魚,Ocean,海
dough,Dough,,生地,Food,,食品,Field,畑
drage,Dragée,,ドラジェ,Sweets,,菓子,Forest,森
dumpling,Dumpling,,ダンプリング,Cooking,,料理,Field,畑
eddoe,Eddoe,,エドー,Vegetables,,野菜,Field,畑
egg_yolk,Egg yolk,,卵黄,Food,,食品,Field,畑
elk,Elk,,エルク,Meets,,肉類,Pasture,牧草地
elliotts_blueberry,Elliott's blueberry,,エリオット・ブルーベリー,Fruits,,果物,Forest,森
emu,Emu,,エミュー,Meets,,肉類,Pasture,牧草地
epazote,Epazote,,エパゾート,Vegetables/Herbs,,ハーブ,Forest,森
european_plum,European plum,,ヨーロピアン・プラム,Fruits,,果物,Forest,森
evergreen_blackberry,Evergreen blackberry,,エバーグリーン・ブラックベリー,Fruits,,果物,Forest,森
evergreen_huckleberry,Evergreen huckleberry,,エバーグリーン・ハックルベリー,Fruits,,果物,Forest,森
fats_and_oils,Fats and oils,,脂肪および油脂,Fats,,油脂,Field,畑
fenugreek,Fenugreek,,フェヌグリーク,Spices,,香辛料,Forest,森
fish_burger,Fish burger,,フィッシュバーガー,Cooking,,料理,Ocean,海
fishes,Fishes,,魚,Fish,,魚,Ocean,海
fortified_wine,Fortified wine,,フォーティファイドワイン,Beverages,,飲料,Forest,森
fox_grape,Fox grape,,フォックス・グレープ,Fruits,,果物,Forest,森
fruit_gum,Fruit gum,,フルーツガム,Sweets,,菓子,Forest,森
fruit_preserve,Fruit preserve,,フルーツ・プレザーブ,Fruit Products,,果物製品,Forest,森
fruits,Fruits,,果物,Fruits,,果物,Forest,森
garden_tomato__var_,Garden tomato (var.),,ガーデン・トマト（品種）,Vegetables,,野菜,Field,畑
gentiana_lutea,Gentiana lutea,,ゲンティアナ・ルテア,Vegetables,,野菜,Forest,森
german_camomile,German camomile,,ドイツカモミール,Vegetables/Herbs,,ハーブ,Forest,森
ginseng,Ginseng,,人参,Vegetables/Herbs,,ハーブ,Forest,森
goji,Goji,,ゴジ,Fruits,,果物,Forest,森
grape_wine,Grape wine,,グレープワイン,Beverages,,飲料,Forest,森
grass_pea,Grass pea,,グラス・ピー,Beans,,豆類,Field,畑
green_apple,Green apple,,グリーン・アップル,Fruits,,果物,Field,畑
green_cabbage,Green cabbage,,グリーン・キャベツ,Vegetables,,野菜,Field,畑
green_grape,Green grape,,グリーン・グレープ,Fruits,,果物,Field,畑
green_onion,Green onion,,グリーン・オニオン,Vegetables,,野菜,Field,畑
green_tea,Green tea,,緑茶,Beverages,matcha,飲料,Forest,森
green_vegetables,Green vegetables,,緑の野菜,Vegetables,,野菜,Field,畑
greenthread_tea,Greenthread tea,,グリーンスレッド・ティー,Beverages,,飲料,Forest,森
greylag_goose,Greylag goose,,グレイラグ・グース,Meets,,肉類,Pasture,牧草地
guarana,Guarana,,グアラナ,Vegetables,,野菜,Forest,森
guinea_hen,Guinea hen,,ギニア・ヘン,Meets,,肉類,Pasture,牧草地
half_highbush_blueberry,Half-highbush blueberry,,ハーフ・ハイバッシュ・ブルーベリー,Fruits,,果物,Forest,森
hamburger,Hamburger,,ハンバーガー,Cooking,,料理,Field,畑
hawthorn,Hawthorn,,ホーソーン,Fruits,,果物,Forest,森
hazelnut,Hazelnut,,ヘーゼルナッツ,Nuts,,ナッツ,Forest,森
herbal_tea,Herbal tea,,ハーブティー,Beverages,,飲料,Forest,森
herbs_and_spices,Herbs and Spices,,ハーブと香辛料,Spices,,香辛料,Forest,森
highbush_blueberry,Highbush blueberry,,ハイバッシュ・ブルーベリー,Fruits,,果物,Forest,森
horned_melon,Horned melon,,ホーンメロン,Fruits,,果物,Forest,森
horse,Horse,,馬,Meets,,肉類,Pasture,牧草地
ice_cream,Ice cream,,アイスクリーム,Desserts,sorbet,デザート,Pasture,牧草地
irish_moss,Irish moss,,アイリッシュ・モス,Seaweed,,海藻,Ocean,海
italian_oregano,Italian oregano,,イタリアン・オレガノ,Vegetables/Herbs,,ハーブ,Forest,森
jackfruit,Jackfruit,,ジャックフルーツ,Fruits,,果物,Forest,森
japanese_walnut,Japanese walnut,,日本クルミ,Nuts,,ナッツ,Forest,森
jews_ear,Jew's ear,,ユーズ・イヤー,Mushrooms,,キノコ,Forest,森
jostaberry,Jostaberry,,ジョスタベリー,Fruits,,果物,Forest,森
jujube,Jujube,,ナツメ,Fruits,,果物,Forest,森
juniperus_communis,Juniperus communis,,ジュニパス・コミュニス,Vegetables/Herbs,,ハーブ,Forest,森
kai_lan,Kai-lan,,カイラン,Vegetables,,野菜,Field,畑
komatsuna,Komatsuna,,コマツナ,Vegetables,,野菜,Field,畑
kombu,Kombu,,昆布,Seaweed,,海藻,Ocean,海
lake_trout,Lake trout,,レイク・トラウト,Fish,,魚,Ocean,海
lambsquarters,Lambsquarters,,ラムスクォーター,Vegetables,,野菜,Field,畑
lantern_fruit,Lantern fruit,,ランタン・フルーツ,Fruits,,果物,Forest,森
leather_chiton,Leather chiton,,レザー・チトン,Marine Animals,,海洋動物,Ocean,海
lemon_balm,Lemon balm,,レモンバーム,Vegetables/Herbs,,ハーブ,Forest,森
lemon_thyme,Lemon thyme,,レモン・タイム,Vegetables/Herbs,,ハーブ,Forest,森
lemon_verbena,Lemon verbena,,レモン・ヴァーベナ,Vegetables/Herbs,,ハーブ,Forest,森
linden,Linden,,リンデン,Vegetables/Herbs,,ハーブ,Forest,森
lingonberry,Lingonberry,,リンゴンベリー,Fruits,,果物,Forest,森
liquorice,Liquorice,,リコリス,Spices,,香辛料,Forest,森
lowbush_blueberry,Lowbush blueberry,,ロウバッシュ・ブルーベリー,Fruits,,果物,Forest,森
macroalgae,Macroalgae,,マクロ藻類,Seaweed,,海藻,Ocean,海
mallard_duck,Mallard duck,,マラード・ダック,Meets,,肉類,Pasture,牧草地
mate,Mate,,マテ,Vegetables/Herbs,,ハーブ,Forest,森
meatball,Meatball,,ミートボール,Cooking,,料理,Field,畑
medlar,Medlar,,メドラー,Fruits,,果物,Forest,森
mentha,Mentha,,ミント,Vegetables/Herbs,,ハーブ,Forest,森
meringue,Meringue,,メレンゲ,Desserts,,デザート,Field,畑
mexican_groundcherry,Mexican groundcherry,,メキシカン・グラウンドチェリー,Fruits,,果物,Forest,森
mikan,Mikan,,みかん,Fruits,,果物,Field,畑
milk__human_,Milk (Human),,母乳,Dairy Products,,乳製品,Pasture,牧草地
milk_and_milk_products,Milk and milk products,,牛乳と乳製品,Dairy Products,,乳製品,Pasture,牧草地
molasses,Molasses,,モラセス,Sweeteners,jaggery,甘味料,Field,畑
mollusks,Mollusks,,軟体動物,Seafood,,魚介類,Ocean,海
monterey_jack_cheese,Monterey Jack cheese,Cheddar Cheese,モントレージャックチーズ,Dairy Products,,乳製品,Pasture,牧草地
mozzarella_cheese,Mozzarella cheese,,モッツァレラチーズ,Dairy Products,provolone burrata,乳製品,Pasture,牧草地
mulberry,Mulberry,,ムルベリー,Fruits,,果物,Forest,森
mule_deer,Mule deer,,ミュール・ディア,Meets,,肉類,Pasture,牧草地
mundu,Mundu,,ムンド,Food,,食品,Field,畑
muscadine_grape,Muscadine grape,,マスカダイン・グレープ,Fruits,,果物,Forest,森
mushrooms,Mushrooms,,キノコ,Mushrooms,portobello,キノコ,Forest,森
muskmelon,Muskmelon,,マスクメロン,Fruits,,果物,Field,畑
mustard,Mustard,,マスタード,Spices,,香辛料,Forest,森
nanking_cherry,Nanking cherry,,南京チェリー,Fruits,,果物,Forest,森
naranjilla,Naranjilla,,ナランヒラ,Fruits,,果物,Forest,森
narrowleaf_cattail,Narrowleaf cattail,,ナロウリーフ・カタイル,Vegetables,,野菜,Field,畑
north_pacific_giant_octopus,North Pacific giant octopus,,北太平洋オニイトマキダコ,Seafood,,魚介類,Ocean,海
nutmeg,Nutmeg,,ナツメグ,Spices,,香辛料,Field,畑
nutritional_drink,Nutritional drink,,栄養ドリンク,Beverages,,飲料,Field,畑
nuts,Nuts,,ナッツ,Nuts,,ナッツ,Forest,森
nuttall_cockle,Nuttall cockle,,ナタル・コックル,Mollusks,,貝類,Ocean,海
oat,Oat,,オート,Grains,granola oatmeal streusel flapjack oatcake,穀物,Field,畑
ohelo_berry,Ohelo berry,,オヘロ・ベリー,Fruits,,果物,Field,畑
onion_family_vegetables,Onion-family vegetables,,ネギ科の野菜,Vegetables,,野菜,Field,畑
oregon_yampah,Oregon yampah,,オレゴン・ヤンパ,Vegetables,,野菜,Field,畑
ostrich,Ostrich,,ダチョウ,Meets,,肉類,Pasture,牧草地
ostrich_fern,Ostrich fern,,ダチョウ・シダ,Vegetables,,野菜,Field,畑
other_cocoa_product,Other cocoa product,,その他のココア製品,Food,,食品,Field,畑
other_soy_product,Other soy product,,その他の大豆製品,Food,,食品,Field,畑
other_wine,Other wine,,その他のワイン,Beverages,prosecco,飲料,Field,畑
oval_leaf_huckleberry,Oval-leaf huckleberry,,オーバルリーフ・ハックルベリー,Fruits,,果物,Field,畑
oxheart_cabbage,Oxheart cabbage,,オックスハートキャベツ,Vegetables,,野菜,Field,畑
pacific_salmon,Pacific salmon,,太平洋サケ,Fish,,魚,Ocean,海
partridge_berry,Partridge berry,,パートリッジ・ベリー,Fruits,,果物,Field,畑
peach__var_,Peach (var.),,ピーチ（品種）,Fruits,,果物,Field,畑
peanut,Peanut,,ピーナッツ,Nuts,,ナッツ,Forest,森
pecan_nut,Pecan nut,,ピーカンナッツ,Nuts,,ナッツ,Forest,森
pepper__c_baccatum_,Pepper (C. baccatum),Pepper,ペッパー（C.バカタム）,Spices,,香辛料,Forest,森
pepper__c_chinense_,Pepper (C. chinense),Pepper,ペッパー（C.チネンセ）,Spices,chile pepperjalapeno cayenne pepper hot pepper d’espelette,香辛料,Forest,森
pepper__c_pubescens_,Pepper (C. pubescens),Pepper,ペッパー（C.プベッセンス）,Spices,,香辛料,Forest,森
pepper__capsicum_,Pepper (Capsicum),Pepper,ピーマン（カプシクム）,Vegetables/Spices,paprika,野菜/香辛料,Field,畑
pheasant,Pheasant,,ヒメウズラ,Meets,,肉類,Pasture,牧草地
pineappple_sage,Pineapple sage,,パイナップルセージ,Vegetables/Herbs,,ハーブ,Field,畑
pitaya,Pitaya,,ピタヤ,Fruits,,果物,Field,畑
pizza,Pizza,,ピザ,Cooking,,料理,Field,畑
plain_cream_cheese,Plain cream cheese,Cheese Spread Cream Cheese Base,プレーンクリームチーズ,Dairy Products,mascarpone ricotta,乳製品,Pasture,牧草地
plains_prickly_pear,Plains prickly pear,,プレインス・プライクリ・ペア,Fruits,,果物,Field,畑
plantain,Plantain,,プランテイン,Vegetables,,野菜,Field,畑
pomegranate,Pomegranate,,ザクロ,Fruits,grenadine,果物,Field,畑
pomes,Pomes,,ポメス,Fruits,,果物,Field,畑
prairie_turnip,Prairie turnip,,プレイリー・ターニップ,Vegetables,,野菜,Field,畑
prickly_pear,Prickly pear,,サボテン・プライクリ・ペア,Fruits,,果物,Field,畑
pudding,Pudding,,プディング,Desserts,,デザート,Field,畑
pulses,Pulses,,豆類,Beans,,豆類,Field,畑
purple_mangosteen,Purple mangosteen,,パープル・マンゴスチン,Fruits,,果物,Field,畑
rabbiteye_blueberry,Rabbiteye blueberry,,ラビットアイ・ブルーベリー,Fruits,,果物,Field,畑
radish__var_,Radish (var.),,ラディッシュ（品種）,Vegetables,,野菜,Field,畑
rambutan,Rambutan,,ランブータン,Fruits,,果物,Field,畑
red_algae,Red algae,,赤藻,Seaweed,,海藻,Ocean,海
red_beetroot,Red beetroot,,レッドビートルート,Vegetables,,野菜,Field,畑
red_champagne,Red champagne,,レッドシャンパン,Alcoholic Beverages,,アルコール飲料,Field,畑
red_clover,Red clover,,レッドクローバー,Vegetables/Herbs,,ハーブ,Field,畑
red_grape,Red grape,,赤ぶどう,Fruits,cabernet sauvignon,果物,Field,畑
red_grape_juice,Red grape juice,,赤ぶどうジュース,Beverages,,飲料,Field,畑
red_onion,Red onion,,赤玉ねぎ,Vegetables,,野菜,Field,畑
red_raspberry,Red raspberry,,赤ラズベリー,Fruits,,果物,Field,畑
red_rice,Red rice,,赤米,Grains,,穀物,Field,畑
red_tea,Red tea,,赤茶,Beverages,,飲料,Field,畑
red_wine,Red wine,,赤ワイン,Beverages,sangria marsala,飲料,Field,畑
redcurrant,Redcurrant,,レッドカラント,Fruits,,果物,Field,畑
ringed_seal,Ringed seal,,リングド・シール,Seafood/Animals,,魚介類/動物,Ocean,海
robusta_coffee,Robusta coffee,,ロブスタコーヒー,Beverages,,飲料,Field,畑
rocket_salad,Rocket salad,,ロケットサラダ,Vegetables,,野菜,Field,畑
roman_camomile,Roman camomile,,ローマンカモミール,Vegetables/Herbs,,ハーブ,Field,畑
root_vegetables,Root vegetables,,根菜類,Vegetables,,野菜,Field,畑
ros_wine,Rosé wine,,ロゼワイン,Beverages,,飲料,Field,畑
roselle,Roselle,,ロゼール,Vegetables/Herbs,,ハーブ,Field,畑
rowal,Rowal,,ロワール,Vegetables,,野菜,Field,畑
rowanberry,Rowanberry,,ローワンベリー,Fruits,,果物,Field,畑
sago_palm,Sago palm,,サゴヤシ,Vegetables,,野菜,Field,畑
salmonberry,Salmonberry,,サーモンベリー,Fruits,,果物,Field,畑
salt,Salt,,塩,Seasonings,seasoning monosodium glutamate,調味料,Ocean,海
saskatoon_berry,Saskatoon berry,,サスカトゥーンベリー,Fruits,,果物,Field,畑
sauce,Sauce,,ソース,Seasonings,,調味料,Field,畑
scarlet_bean,Scarlet bean,,スカーレットビーンズ,Beans,,豆類,Field,畑
sea_buckthornberry,Sea cucumber,,ナマコ,Seafood,,魚介類,Field,畑
sea_cucumber,Sea-buckthornberry,,シーバックソーンベリー,Fruits,,果物,Field,畑
sheep__mutton_lamb_,"Sheep (Mutton, Lamb)",,羊肉（マトン、ラム）,Meets,rack,肉類,Field,畑
sherry,Sherry,,シェリー酒,Beverages,,飲料,Field,畑
silver_linden,Silver linden,,シルバーリンデン,Vegetables,,野菜,Field,畑
skunk_currant,Skunk currant,,スカンク・カラン,Fruits,,果物,Field,畑
small_leaf_linden,Small-leaf linden,,小葉リンデン,Vegetables,,野菜,Field,畑
snack_bar,Snack bar,,スナックバー,Snacks,,スナック,Field,畑
soft_drink,Soft drink,,ソフトドリンク,Beverages,,飲料,None,その他
soup,Soup,,スープ,Cooking,,料理,None,その他
sour_orange,Sour orange,,サワーオレンジ,Fruits,,果物,Field,畑
sourdough,Sourdough,,サワードウ,Bread Products,,パン類,Field,畑
soy_sauce,Soy sauce,,醤油,Seasonings,shoyu tamari,調味料,Field,畑
sparkleberry,Sparkleberry,,スパークルベリー,Fruits,,果物,Field,畑
spiny_dogfish,Spiny dogfish,,トゲウナギ,Fish,,魚,River,川
spirit,Spirit,,スピリッツ,Beverages,,飲料,Field,畑
squab,Squab,,スクアブ,Meets,,肉類,Pasture,牧草地
squashberry,Squashberry,,スカッシュベリー,Fruits,,果物,Field,畑
strawberry,Strawberry,,イチゴ,Fruits,,果物,Field,畑
sugar_substitute,Sugar substitute,,砂糖代替品,Sweeteners,piloncillo,甘味料,Field,畑
summer_grape,Summer grape,,サマーグレープ,Fruits,,果物,Field,畑
sweet_basil,Sweet basil,,スイートバジル,Vegetables/Herbs,,ハーブ,Field,畑
sweet_cherry,Sweet cherry,,スイートチェリー,Fruits,,果物,Field,畑
sweet_marjoram,Sweet marjoram,,スイートマジョラム,Vegetables/Herbs,,ハーブ,Field,畑
sweet_rowanberry,Sweet rowanberry,,スイートローワンベリー,Fruits,,果物,Field,畑
syrup,Syrup,,シロップ,Seasonings,,調味料,Field,畑
tartary_buckwheat,Tartary buckwheat,,タルタリー・バックウィート,Grains,,穀物,Field,畑
thornless_blackberry,Thornless blackberry,,トーンレス・ブラックベリー,Fruits,,果物,Field,畑
tinda,Tinda,,ティンダ,Vegetables,,野菜,Field,畑
toffee,Toffee,,トフィー,Sweets,,菓子,Field,畑
tronchuda_cabbage,Tronchuda cabbage,,トロンチューダ・キャベツ,Vegetables,,野菜,Field,畑
tropical_highland_blackberry,Tropical highland blackberry,,トロピカル・ハイランド・ブラックベリー,Fruits,,果物,Field,畑
true_seal,True seal,,トゥルー・シール,Seafood/Animals,,魚介類/動物,Ocean,海
tunicate,Tunicate,,チュニケート,Marine Animals,,海洋動物,Ocean,海
vanilla,Vanilla,,バニラ,Spices/Plants,fondant,香辛料/野菜,Field,畑
vegetarian_food,Vegetarian food,,ベジタリアンフード,Food,,食品,None,その他
veggie_burger,Veggie burger,,ベジーバーガー,Cooking,,料理,None,その他
velvet_duck,Velvet duck,,ベルベットダック,Meets,,肉類,Pasture,牧草地
walrus,Walrus,,セイウチ,Marine Animals,,海洋動物,Ocean,海
wampee,Wampee,,ワンピー,Fruits,,果物,Field,畑
water,Water,,水,Beverages,soda,飲料,None,その他
watercress,Watercress,,水菜,Vegetables,,野菜,Field,畑
wax_apple,Wax apple,,ワックス・アップル,Fruits,,果物,Field,畑
white_champagne,White champagne,,ホワイト・シャンパン,Beverages,,飲料,Field,畑
white_grape_juice,White grape juice,,ホワイト・グレープジュース,Beverages,,飲料,Field,畑
white_mulberry,White mulberry,,ホワイト・マルベリー,Fruits,,果物,Field,畑
white_onion,White onion,Garden Onion,ホワイト・オニオン,Vegetables,,野菜,Field,畑
white_wine,White wine,,ホワイト・ワイン,Beverages,bianco,飲料,Field,畑
whiting,Whiting,,ホワイティング,Fish,,魚,Ocean,海
whole_wheat_bread,Whole wheat bread,,全粒粉パン,Bread Products,,パン類,Field,畑
wild_boar,Wild boar,,野生のイノシシ,Meets,,肉類,Pasture,牧草地
wild_celery,Wild celery,,野生のセロリ,Vegetables,ajwain,野菜,Ocean,海
yali_pear,Yali pear,,ヤリナシ,Fruits,,果物,Ocean,海
yau_choy,Yau choy,,ヤウチョイ,Vegetables,,野菜,Ocean,海
yautia,Yautia,,ヤウティア,Root vegetables,,根菜,Ocean,海
parsnip,Parsnip,,パースニップ,Root vegetables,,根菜,Ocean,海
american_pokeweed,American pokeweed,,アメリカン・ポークウィード,Vegetables,,野菜,Ocean,海
garland_chrysanthemum,Garland chrysanthemum,,ガーランド・クリサンセマム,Vegetables/Herbs,,ハーブ,Ocean,海
nance,Nance,,ナンス,Fruits,,果物,Ocean,海
rose_hip,Rose hip,,ローズヒップ,Fruits,rosewater elderflower,果物,Ocean,海
acorn,Acorn,,ドングリ,Nuts,,ナッツ,Mountain,山
beech_nut,Beech nut,,ブナの実,Nuts,,ナッツ,Mountain,山
biscuit,Biscuit,,ビスケット,Sweets,cookie shortbread,菓子,Field,畑
cake,Cake,,ケーキ,Sweets,crumble cheesecake parfait,菓子,None,その他
chimichanga,Chimichanga,,チミチャンガ,Cooking,,料理,None,その他
condensed_milk,Condensed milk,,練乳,Dairy Products,,乳製品,Pasture,牧草地
corn_chip,Corn chip,,コーンチップ,Snacks,cornflake,スナック,Field,畑
cornbread,Cornbread,,コーンブレッド,Bread Products,,パン類,Field,畑
enchilada,Enchilada,,エンチラーダ,Cooking,,料理,None,その他
falafel,Falafel,,ファラフェル,Cooking,,料理,None,その他
hot_dog,Hot dog,,ホットドッグ,Cooking,,料理,None,その他
hushpuppy,Hushpuppy,,ハッシュパピー,Cooking,,料理,None,その他
lasagna,Lasagna,,ラザニア,Cooking,,料理,None,その他
pot_pie,Pot pie,,ポットパイ,Cooking,,料理,None,その他
potato_gratin,Potato gratin,,ポテトグラタン,Cooking,,料理,None,その他
pupusa,Pupusa,,ププサ,Cooking,,料理,None,その他
sablefish,Sablefish,,サブレフィッシュ,Fish,,魚,Ocean,海
taco,Taco,,タコ,Cooking,,料理,None,その他
taco_shell,Taco shell,,タコシェル,Cooking,,料理,None,その他
tostada,Tostada,,トスターダ,Cooking,,料理,None,その他
waffle,Waffle,,ワッフル,Sweets,,菓子,Field,畑