key,original_name,word_vector_key,display_name_ja,category_en,category_ja
abalone,Abalone,,アワビ,Mollusks,貝類
american_butterfish,American butterfish,,アメリカバターフィッシュ,Fish,魚
american_lobster,American lobster,,アメリカロブスター,Crustaceans,甲殻類
atlantic_cod,Atlantic cod,,大西洋タラ（アトランティックコッド）,Fish,魚
atlantic_croaker,Atlantic croaker,,大西洋クローカー,Fish,魚
atlantic_halibut,Atlantic halibut,,大西洋オヒョウ,Fish,魚
atlantic_wolffish,Atlantic wolffish,,大西洋ウルフフィッシュ,Fish,魚
blue_crab,Blue crab,,ブルークラブ,Crustaceans,甲殻類
carp_bream,Carp bream,,コイブリーム,Fish,魚
catfish,Catfish,,ナマズ,Fish,魚
chinook_salmon,Chinook salmon,,チヌークサーモン,Fish,魚
chum_salmon,Chum salmon,,シュムサーモン,Fish,魚
cisco,Cisco,,シスコ,Fish,魚
clawed_lobster,Clawed lobster,,ハサミロブスター,Crustaceans,甲殻類
common_carp,Common carp,,コイ,Fish,魚
common_ling,Common ling,,コモンリング,Fish,魚
cottage_cheese,Cottage cheese,,カッテージチーズ,Dairy Products,乳製品
cusk,Cusk,,カスク,Fish,魚
dungeness_crab,Dungeness crab,,ダンジネスクラブ,Crustaceans,甲殻類
flatfish,Flatfish,,カレイ,Fish,魚
gadiformes,Gadiformes,,タラ目,Fish,魚
gadus__common_cod_,Gadus (Common cod),Cod,タラ,Fish,魚
garfish,Garfish,,ダツ,Fish,魚
haddock,Haddock,,ハドック,Fish,魚
hyacinth_bean,Hyacinth bean,,ハイアシンスビーン,Beans,豆類
japanese_sea_bass,Japanese sea bass,,スズキ,Fish,魚
king_mackerel,King mackerel,,サワラ,Fish,魚
lemon_sole,Lemon sole,,レモンソール,Fish,魚
lingcod,Lingcod,,リンコッド,Fish,魚
northern_pike,Northern pike,,ノーザンパイク,Fish,魚
norway_haddock,Norway haddock,,ノルウェーハドック,Fish,魚
norway_lobster,Norway lobster,,ノルウェーロブスター,Crustaceans,甲殻類
norway_pout,Norway pout,,ノルウェーパウト,Fish,魚
pacific_cod,Pacific cod,,太平洋タラ（パシフィックコッド）,Fish,魚
pacific_ocean_perch,Pacific ocean perch,,太平洋アイナメ,Fish,魚
pacific_rockfish,Pacific rockfish,,パシフィックロックフィッシュ,Fish,魚
painted_comber,Painted comber,,ペインテッドコンバー,Fish,魚
percoidei__bass_and_others_,Percoidei (Bass and others),Bass,スズキ亜目,Fish,魚
rainbow_smelt,Rainbow smelt,,ニジワカサギ,Fish,魚
red_king_crab,Red king crab,,レッドキングクラブ,Crustaceans,甲殻類
scup,Scup,,スカップ,Fish,魚
sea_trout,Sea trout,,シートラウト,Fish,魚
sheefish,Sheefish,,シーフィッシュ,Fish,魚
sheepshead,Sheepshead,,シープスヘッド,Fish,魚
snapper,Snapper,,フエダイ,Fish,魚
spinach,Spinach,,ホウレンソウ,Vegetables,野菜
striped_bass,Striped bass,,ストライプドバス,Fish,魚
tilefish,Tilefish,,タイルフィッシュ,Fish,魚
true_sole,True sole,,トゥルーソール,Fish,魚
turbot,Turbot,,ターボット,Fish,魚
turkey,Turkey,,シチメンチョウ,Meets,肉類
walleye,Walleye,,ウォレアイ,Fish,魚
white_sucker,White sucker,,ホワイトサッカー,Fish,魚
dandelion,Dandelion,,タンポポ,Vegetables/Herbs,ハーブ
adzuki_bean,Adzuki bean,,小豆（アズキ）,Beans,豆類
albacore_tuna,Albacore tuna,,ビンナガマグロ,Fish,魚
american_shad,American shad,,アメリカシャッド,Fish,魚
anchovy,Anchovy,,アンチョビ,Fish,魚
bivalvia__clam_mussel_oyster_,"Bivalvia (Clam, Mussel, Oyster)",Clam,二枚貝（アサリ、ムール貝、カキ）,Mollusks,貝類
bluefish,Bluefish,,ブルーフィッシュ,Fish,魚
burbot,Burbot,,バーバット,Fish,魚
cichlidae__tilapia_,Cichlidae (Tilapia),Tilapia,シクリッド（ティラピア）,Fish,魚
coho_salmon,Coho salmon,,ギンザケ,Fish,魚
crab,Crab,,カニ,Crustaceans,甲殻類
dolphin_fish,Dolphin fish,,シイラ,Fish,魚
european_anchovy,European anchovy,,ヨーロピアンアンチョビ,Fish,魚
european_rabbit,European rabbit,,ヨーロッパウサギ,Meets,肉類
freshwater_drum,Freshwater drum,,フレッシュウォータードラム,Fish,魚
greater_sturgeon,Greater sturgeon,,チョウザメ,Fish,魚
grouper,Grouper,,ハタ,Fish,魚
hippoglossus__common_halibut_,Hippoglossus (Common halibut),Hippoglossus,オヒョウ,Fish,魚
lentils,Lentils,,レンズ豆,Beans,豆類
milkfish,Milkfish,,ミルクフィッシュ,Fish,魚
natto,Natto,,納豆,Fermented Foods,発酵食品
northern_bluefin_tuna,Northern bluefin tuna,,クロマグロ,Fish,魚
ocean_pout,Ocean pout,,オーシャンパウト,Fish,魚
orange_roughy,Orange roughy,,オレンジラフィー,Fish,魚
pacific_halibut,Pacific halibut,,太平洋オヒョウ,Fish,魚
pink_salmon,Pink salmon,,カラフトマス,Fish,魚
pumpkinseed_sunfish,Pumpkinseed sunfish,,パンプキンシードサンフィッシュ,Fish,魚
rainbow_trout,Rainbow trout,,ニジマス,Fish,魚
roe,Roe,,魚卵,Fish Eggs,魚卵
spanish_mackerel,Spanish mackerel,,サワラ,Fish,魚
spot_croaker,Spot croaker,,スポットクローカー,Fish,魚
striped_mullet,Striped mullet,,ストライプドムレット,Fish,魚
swordfish,Swordfish,,メカジキ,Fish,魚
thunnus,Thunnus,,マグロ属,Fish,魚
whelk,Whelk,,ツブ貝,Mollusks,貝類
whitefish,Whitefish,,ホワイトフィッシュ,Fish,魚
yellowfin_tuna,Yellowfin tuna,,キハダマグロ,Fish,魚
baked_potato,Baked potato,,ベイクドポテト,Vegetables,野菜
broccoli,Broccoli,,ブロッコリー,Vegetables,野菜
cauliflower,Cauliflower,,カリフラワー,Vegetables,野菜
celery_leaves,Celery leaves,,セロリの葉,Vegetables,野菜
chestnut,Chestnut,,栗（チェスナット）,Nuts,ナッツ
common_buckwheat,Common buckwheat,,ソバ,Grains,穀物
common_mushroom,Common mushroom,,マッシュルーム,Mushrooms,キノコ
enokitake,Enokitake,,エノキタケ,Mushrooms,キノコ
european_chestnut,European chestnut,,ヨーロッパグリ,Nuts,ナッツ
fig,Fig,,イチジク,Fruits,果物
ginkgo_nuts,Ginkgo nuts,,ギンナン,Nuts,ナッツ
japanese_chestnut,Japanese chestnut,,日本栗（ニホングリ）,Nuts,ナッツ
jicama,Jicama,,ヒカマ,Vegetables,野菜
jute,Jute,,ジュート,Vegetables/Herbs,ハーブ
lima_bean,Lima bean,,ライマメ,Beans,豆類
mountain_yam,Mountain yam,,ヤマイモ,Root vegetables,根菜
oyster_mushroom,Oyster mushroom,,ヒラタケ,Mushrooms,キノコ
peach,Peach,,モモ,Fruits,果物
purple_laver,Purple laver,,紫菜（ムラサキノリ）,Seaweed,海藻
quinoa,Quinoa,,キヌア,Grains,穀物
rapini,Rapini,,ナバナ,Vegetables,野菜
romaine_lettuce,Romaine lettuce,,ロメインレタス,Vegetables,野菜
savoy_cabbage,Savoy cabbage,,サボイキャベツ,Vegetables,野菜
shallot,Shallot,,エシャロット,Vegetables,野菜
sweet_potato,Sweet potato,,サツマイモ,Root vegetables,根菜
turnip,Turnip,,カブ,Root vegetables,根菜
welsh_onion,Welsh onion,,ネギ,Vegetables,野菜
alfalfa,Alfalfa,,アルファルファ,Vegetables/Herbs,ハーブ
bilberry,Bilberry,,ビルベリー,Fruits,果物
chicory,Chicory,,チコリ,Vegetables,野菜
garlic,Garlic,,ニンニク,Vegetables/Herbs,ハーブ
kohlrabi,Kohlrabi,,コールラビ,Vegetables,野菜
moth_bean,Moth bean,,モスビーン,Beans,豆類
atlantic_herring,Atlantic herring,,大西洋ニシン,Fish,魚
atlantic_mackerel,Atlantic mackerel,,大西洋サバ,Fish,魚
atlantic_pollock,Atlantic pollock,,大西洋ポラック,Fish,魚
atlantic_salmon,Atlantic salmon,,大西洋サケ,Fish,魚
chickpea,Chickpea,,ヒヨコマメ,Beans,豆類
chives,Chives,,チャイブ,Vegetables/Herbs,ハーブ
domestic_pig,Domestic pig,Pork,豚,Meets,肉類
florida_pompano,Florida pompano,,フロリダポンパノ,Fish,魚
freshwater_eel,Freshwater eel,,ウナギ,Fish,魚
mixed_nuts,Mixed nuts,,ミックスナッツ,Nuts,ナッツ
other_fish_product,Other fish product,,その他魚製品,Seafood Products,魚介製品
pacific_herring,Pacific herring,,太平洋ニシン,Fish,魚
pacific_jack_mackerel,Pacific jack mackerel,,太平洋ジャックサバ,Fish,魚
pacific_sardine,Pacific sardine,,太平洋イワシ,Fish,魚
perciformes,Perciformes,,スズキ目,Fish,魚
shark,Shark,,サメ,Fish,魚
shrimp,Shrimp,,エビ,Crustaceans,甲殻類
trail_mix,Trail mix,,トレイルミックス,Nuts,ナッツ
babassu_palm,Babassu palm,,ババスパーム,Oilseeds,野菜/油料
cocoa_butter,Cocoa butter,,ココアバター,Fats,油脂
oil_palm,Oil palm,,アブラヤシ,Oilseeds,野菜/油料
tallow,Tallow,,タロウ,Fats,油脂
ucuhuba,Ucuhuba,,ウクフバ,Oilseeds,野菜/油料
acerola,Acerola,,アセロラ,Fruits,果物
fruit_flavor_drink,Fruit-flavor drink,,フルーツフレーバードリンク,Beverages,飲料
horseradish,Horseradish,,ホースラディッシュ,Vegetables/Spices,野菜/香辛料
adobo,Adobo,,アドボ,Cooking,料理
beefalo,Beefalo,,ビーファロ,Meets,肉類
flour,Flour,,小麦粉（フラワー）,Grains,穀物
frozen_yogurt,Frozen yogurt,,フローズンヨーグルト,Dairy Products,乳製品
icing,Icing,,アイシング,Desserts,デザート
milkshake,Milkshake,,ミルクセーキ,Beverages,飲料
mountain_hare,Mountain hare,,ヤマウサギ,Meets,肉類
nougat,Nougat,,ヌガー,Desserts,デザート
other_beverage,Other beverage,,その他飲料,Beverages,飲料
other_candy,Other candy,,その他キャンディ,Desserts,デザート
piki_bread,Piki bread,,ピキブレッド,Bread Products,パン類
potato_puffs,Potato puffs,,ポテトパフ,Snacks,スナック
saffron,Saffron,,サフラン,Spices,香辛料
sweet_bay,Sweet bay,,スイートベイ,Vegetables/Herbs,ハーブ
zwieback,Zwieback,,ツヴィーバック,Bread Products,パン類
common_thyme,Common thyme,,コモンタイム,Vegetables/Herbs,ハーブ
cumin,Cumin,,クミン,Spices,香辛料
pot_marjoram,Pot marjoram,,ポットマジョラム,Vegetables/Herbs,ハーブ
winter_savory,Winter savory,,ウィンターセイボリー,Vegetables/Herbs,ハーブ
rice,Rice,,米（ライス）,Grains,穀物
anise,Anise,,アニス,Spices,香辛料
green_bell_pepper,Green bell pepper,,グリーンベルペッパー,Vegetables,野菜
orange_bell_pepper,Orange bell pepper,,オレンジベルペッパー,Vegetables,野菜
yellow_bell_pepper,Yellow bell pepper,,イエローベルペッパー,Vegetables,野菜
anatidae,Anatidae,,カモ科（アナティダエ）,Meets,肉類
atlantic_menhaden,Atlantic menhaden,,アトランティックメンハーデン,Fish,魚
chocolate_spread,Chocolate spread,,チョコレートスプレッド,Spread,スプレッド
cooking_oil,Cooking oil,,調理油（クッキングオイル）,Fats,油脂
cottonseed_oil,Cottonseed oil,,綿実油（コットンシードオイル）,Fats,油脂
cream_substitute,Cream substitute,,クリーム代替品,Dairy Alternatives,乳製品代替品
margarine_like_spread,Margarine-like spread,,マーガリン風スプレッド,Spread,スプレッド
oil_seed_camellia,Oil-seed Camellia,,油茶（オイルシードカメリア）,Fats,油脂
olive_oil,Olive oil,,オリーブオイル,Fats,油脂
other_animal_fat,Other animal fat,,その他動物性脂肪,Fats,油脂
pili_nut,Pili nut,,ピリナッツ,Nuts,ナッツ
shortening,Shortening,,ショートニング,Fats,油脂
sour_cream,Sour cream,,サワークリーム,Dairy Products,乳製品
avocado_oil,Avocado oil,,アボカドオイル,Fats,油脂
baby_food,Baby food,,ベビーフード,Food,食品
beluga_whale,Beluga whale,,シロイルカ（ベルーガホエール）,Meets,肉類
chocolate,Chocolate,,チョコレート,Sweets,菓子
chocolate_mousse,Chocolate mousse,,チョコレートムース,Sweets,菓子
coffee_mocha,Coffee mocha,,コーヒーモカ,Beverages,飲料
cream,Cream,,クリーム,Dairy Products,乳製品
edible_shell,Edible shell,,食用貝殻,Mollusks,貝類
greek_feta_cheese,Greek feta cheese,,ギリシャフェタチーズ,Dairy Products,乳製品
ice_cream_cone,Ice cream cone,,アイスクリームコーン,Desserts,デザート
other_frozen_dessert,Other frozen dessert,,その他冷凍デザート,Desserts,デザート
pastry,Pastry,,ペストリー,Sweets,菓子
pate,Pate,,パテ,Meets,肉類
peanut_oil,Peanut oil,,ピーナッツオイル,Fats,油脂
poppy,Poppy,,ポピー,Spices,香辛料
potato_chip,Potato chip,,ポテトチップス,Sweets,菓子
quesadilla,Quesadilla,,ケサディーヤ,Cooking,料理
sesame,Sesame,,ゴマ,Seeds,種子
sesame_oil,Sesame oil,,ゴマ油,Fats,油脂
spotted_seal,Spotted seal,,ゴマフアザラシ,Marine Animals,海洋動物
sunflower,Sunflower,,ヒマワリ,Seeds,種子
sunflower_oil,Sunflower oil,,ヒマワリ油,Fats,油脂
tostada_shell,Tostada shell,,トスターダシェル,Snacks,スナック
gin,Gin,,ジン,Alcoholic Beverages,アルコール飲料
other_alcoholic_beverage,Other alcoholic beverage,,その他アルコール飲料,Alcoholic Beverages,アルコール飲料
rum,Rum,,ラム,Alcoholic Beverages,アルコール飲料
vodka,Vodka,,ウォッカ,Alcoholic Beverages,アルコール飲料
whisky,Whisky,,ウイスキー,Alcoholic Beverages,アルコール飲料
abiyuch,Abiyuch,,アビユチ,Fruits,果物
alaska_wild_rhubarb,Alaska wild rhubarb,,アラスカワイルドルバーブ,Vegetables/Herbs,ハーブ
bitter_gourd,Bitter gourd,,ゴーヤ,Vegetables,野菜
black_mulberry,Black mulberry,,ブラックマルベリー,Fruits,果物
clementine,Clementine,,クレメンタイン,Fruits,果物
custard_apple,Custard apple,,カスタードアップル,Fruits,果物
durian,Durian,,ドリアン,Fruits,果物
fireweed,Fireweed,,ファイアウィード,Vegetables/Herbs,ハーブ
giant_butterbur,Giant butterbur,,フキ,Vegetables,野菜
groundcherry,Groundcherry,,グラウンドチェリー,Fruits,果物
java_plum,Java plum,,ジャワプラム,Fruits,果物
loganberry,Loganberry,,ロガンベリー,Fruits,果物
loquat,Loquat,,ビワ,Fruits,果物
malabar_plum,Malabar plum,,マラバープラム,Fruits,果物
mustard_spinach,Mustard spinach,,カラシナ,Vegetables,野菜
natal_plum,Natal plum,,ナタルプラム,Fruits,果物
other_snack_food,Other snack food,,その他スナック食品,Snacks,スナック
passion_fruit,Passion fruit,,パッションフルーツ,Fruits,果物
pitanga,Pitanga,,ピタンガ,Fruits,果物
pummelo,Pummelo,,ブンタン,Fruits,果物
quince,Quince,,マルメロ,Fruits,果物
sapodilla,Sapodilla,,サポディラ,Fruits,果物
sourdock,Sourdock,,サワードック,Vegetables/Herbs,ハーブ
soursop,Soursop,,サワーソップ,Fruits,果物
sugar_apple,Sugar apple,,シュガーアップル,Fruits,果物
wasabi,Wasabi,,ワサビ,Spices,香辛料
alaska_pollock,Alaska pollock,,アラスカポラック,Fish,魚
amaranth,Amaranth,,アマランサス,Grains,穀物
breakfast_sandwich,Breakfast sandwich,,ブレックファーストサンドイッチ,Processed Foods,加工食品
cabbage,Cabbage,,キャベツ,Vegetables,野菜
channel_catfish,Channel catfish,,チャネルキャットフィッシュ,Fish,魚
clam,Clam,,アサリ,Mollusks,貝類
crisp_bread,Crisp bread,,クリスプブレッド,Bread Products,パン類
hedge_mustard,Hedge mustard,,ヘッジマスタード,Vegetables/Herbs,ハーブ
jerusalem_artichoke,Jerusalem artichoke,,エルサレムアーティチョーク,Vegetables,野菜
lettuce,Lettuce,,レタス,Vegetables,野菜
malabar_spinach,Malabar spinach,,マラバルホウレンソウ,Vegetables,野菜
millet,Millet,,キビ,Grains,穀物
miso,Miso,,味噌,Seasonings,調味料
monkfish,Monkfish,,アンコウ,Fish,魚
multigrain_bread,Multigrain bread,,マルチグレインブレッド,Bread Products,パン類
other_bread_product,Other bread product,,その他パン製品,Bread Products,パン類
pancake,Pancake,,パンケーキ,Bread Products,パン類
phyllo_dough,Phyllo dough,,フィロ生地,Dough,生地
raisin_bread,Raisin bread,,レーズンブレッド,Bread Products,パン類
shiitake,Shiitake,,シイタケ,Mushrooms,キノコ
sorghum,Sorghum,,ソルガム,Grains,穀物
squid,Squid,,イカ,Seafood,魚介類
swamp_cabbage,Swamp cabbage,,空芯菜（クウシンサイ）,Vegetables,野菜
tortilla,Tortilla,,トルティーヤ,Bread Products,パン類
wild_leek,Wild leek,,行者ニンニク（ギョウジャニンニク）,Vegetables,野菜
bearded_seal,Bearded seal,,アゴヒゲアザラシ,Meets,肉類
carob,Carob,,キャロブ,Beans,豆類
casein,Casein,,カゼイン,Dairy Products,乳製品
cottonseed,Cottonseed,,綿実（コットンシード）,Seeds,種子
soy_bean,Soy bean,,大豆（ソイビーン）,Beans,豆類
asparagus,Asparagus,,アスパラガス,Vegetables,野菜
bagel,Bagel,,ベーグル,Bread Products,パン類
barley,Barley,,大麦（バーレー）,Grains,穀物
bulgur,Bulgur,,ブルグル,Grains,穀物
cracker,Cracker,,クラッカー,Snacks,スナック
oat_bread,Oat bread,,オートブレッド,Bread Products,パン類
pasta,Pasta,,パスタ,Noodles,麺類
pita_bread,Pita bread,,ピタブレッド,Bread Products,パン類
rice_bread,Rice bread,,ライスブレッド,Bread Products,パン類
semolina,Semolina,,セモリナ,Grains,穀物
triticale,Triticale,,トリティカーレ,Grains,穀物
white_bread,White bread,,ホワイトブレッド,Bread Products,パン類
wonton_wrapper,Wonton wrapper,,ワンタンの皮,Dough,生地
coconut_oil,Coconut oil,,ココナッツオイル,Fats,油脂
allspice,Allspice,,オールスパイス,Spices,香辛料
beer,Beer,,ビール,Beverages,飲料
ceylon_cinnamon,Ceylon cinnamon,,セイロンシナモン,Spices,香辛料
kiwi,Kiwi,,キウイ,Fruits,果物
mugwort,Mugwort,,ヨモギ,Vegetables/Herbs,ハーブ
soy_cream,Soy cream,,ソイクリーム,Dairy Alternatives,乳製品代替品
tea_leaf_willow,Tea leaf willow,,チャノキヤナギ,Vegetables/Herbs,ハーブ
arepa,Arepa,,アレパ,Bread Products,パン類
bean,Bean,,豆,Beans,豆類
buttermilk,Buttermilk,,バターミルク,Dairy Products,乳製品
cow_milk_pasteurized_vitamin_d_added_325_fat,"Cow milk, pasteurized, vitamin D added, 3.25% fat",Milk,牛乳（低温殺菌）,Dairy Products,乳製品
ginger,Ginger,,ショウガ,Spices,香辛料
hummus,Hummus,,フムス,Spread,スプレッド
junket,Junket,,ジャンケット,Dairy Products,乳製品
kefir,Kefir,,ケフィア,Fermented Dairy Products,発酵乳製品
milk__cow_,Milk (Cow),Milk,牛乳,Dairy Products,乳製品
milk__other_mammals_,Milk (Other mammals),Milk,他の哺乳類の乳,Dairy Products,乳製品
other_dish,Other dish,,その他の料理,Cooking,料理
other_fermented_milk,Other fermented milk,,その他の発酵乳,Fermented Dairy Products,発酵乳製品
pie,Pie,,パイ,Desserts,デザート
ravioli,Ravioli,,ラビオリ,Noodles,麺類
sweet_custard,Sweet custard,,甘いカスタード,Desserts,デザート
tamale,Tamale,,タマーレ,Cooking,料理
ymer,Ymer,,ユメール,Fermented Dairy Products,発酵乳製品
black_eyed_pea,Black-eyed pea,,ブラックアイピース,Beans,豆類
common_verbena,Common verbena,,コモンバーベナ,Vegetables/Herbs,ハーブ
mexican_oregano,Mexican oregano,,メキシカンオレガノ,Vegetables/Herbs,ハーブ
steller_sea_lion,Steller sea lion,,ステラーカワウソ,Meets,肉類
swiss_chard,Swiss chard,,スイスチャード,Vegetables,野菜
yardlong_bean,Yardlong bean,,ヤードロングビーン,Beans,豆類
orange_mint,Orange mint,,オレンジミント,Vegetables/Herbs,ハーブ
peppermint,Peppermint,,ペパーミント,Vegetables/Herbs,ハーブ
caraway,Caraway,,キャラウェイ,Spices,香辛料
dill,Dill,,ディル,Vegetables/Herbs,ハーブ
almond,Almond,,アーモンド,Nuts,ナッツ
apricot,Apricot,,アプリコット（杏）,Fruits,果物
avocado,Avocado,,アボカド,Fruits,果物
butternut,Butternut,,バターナット,Nuts,ナッツ
colorado_pinyon,Colorado pinyon,,コロラドピニョン,Nuts,ナッツ
common_hazelnut,Common hazelnut,,ヘーゼルナッツ,Nuts,ナッツ
cucumber,Cucumber,,キュウリ,Vegetables,野菜
grapeseed_oil,Grapeseed oil,,グレープシードオイル,Fats,油脂
linseed_oil,Linseed oil,,亜麻仁油（リンシードオイル）,Fats,油脂
pistachio,Pistachio,,ピスタチオ,Nuts,ナッツ
rapeseed_oil,Rapeseed oil,,菜種油（キャノーラオイル）,Fats,油脂
soybean_oil,Soybean oil,,大豆油,Fats,油脂
thistle,Thistle,,アザミ,Vegetables/Herbs,ハーブ
walnut,Walnut,,クルミ,Nuts,ナッツ
breakfast_cereal,Breakfast cereal,,ブレックファーストシリアル,Food,食品
burrito,Burrito,,ブリトー,Cooking,料理
candy_bar,Candy bar,,キャンディバー,Desserts,デザート
chervil,Chervil,,チャービル,Vegetables/Herbs,ハーブ
clupeinae__herring_sardine_sprat_,"Clupeinae (Herring, Sardine, Sprat)",Sardine,ニシン科（ニシン、イワシ、スプラット）,Fish,魚
cold_cut,Cold cut,,コールドカット,Meet Products,肉製品
columbidae__dove_pigeon_,"Columbidae (Dove, Pigeon)",Pigeon,ハト科（ハト、ドバト）,Meets,肉類
common_oregano,Common oregano,,オレガノ,Vegetables/Herbs,ハーブ
common_sage,Common sage,,セージ,Vegetables/Herbs,ハーブ
dulce_de_leche,Dulce de leche,,ドゥルセ・デ・レチェ,Spread,スプレッド
egg_substitute,Egg substitute,,卵代替品,Processed Foods,加工食品
french_toast,French toast,,フレンチトースト,Desserts,デザート
frybread,Frybread,,フライブレッド,Bread Products,パン類
fudge,Fudge,,ファッジ,Desserts,デザート
greenland_halibut_turbot,Greenland halibut/turbot,,グリーンランドオヒョウ/ターボット,Fish,魚
horchata,Horchata,,オルチャータ,Beverages,飲料
lumpsucker,Lumpsucker,,ダンゴウオ,Fish,魚
macaroni_and_cheese,Macaroni and cheese,,マカロニ・アンド・チーズ,Cooking,料理
other_sandwich,Other sandwich,,その他のサンドイッチ,Cooking,料理
pan_dulce,Pan dulce,,パン・ドゥルセ,Desserts,デザート
pepper__spice_,Pepper (Spice),Pepper,コショウ,Spices,香辛料
processed_cheese,Processed cheese,,プロセスチーズ,Dairy Products,乳製品
quail,Quail,,ウズラ,Meets,肉類
scrapple,Scrapple,,スクラップル,Meet Products,肉製品
spread,Spread,,スプレッド,Spread,スプレッド
turmeric,Turmeric,,ウコン,Spices,香辛料
cornmint,Cornmint,,コーンミント,Vegetables/Herbs,ハーブ
lemon,Lemon,,レモン,Fruits,果物
spearmint,Spearmint,,スペアミント,Vegetables/Herbs,ハーブ
hyssop,Hyssop,,ヒソップ,Vegetables/Herbs,ハーブ
rosemary,Rosemary,,ローズマリー,Vegetables/Herbs,ハーブ
burdock,Burdock,,ゴボウ,Vegetables,野菜
cardamom,Cardamom,,カルダモン,Spices,香辛料
coffee,Coffee,,コーヒー,Beverages,飲料
coffee_and_coffee_products,Coffee and coffee products,,コーヒーおよびコーヒー製品,Beverages/Beverage Alternatives,飲料/飲料代替品
date,Date,,デーツ,Fruits,果物
guava,Guava,,グアバ,Fruits,果物
parsley,Parsley,,パセリ,Vegetables/Herbs,ハーブ
purslane,Purslane,,スベリヒユ,Vegetables/Herbs,ハーブ
remoulade,Remoulade,,レムラード,Seasonings,調味料
white_mustard,White mustard,,ホワイトマスタード,Spices,香辛料
fennel,Fennel,,フェンネル,Spices,香辛料
star_anise,Star anise,,スターアニス,Spices,香辛料
canola,Canola,,キャノーラ,Oilseeds,野菜/油料
canola_oil,Canola oil,,キャノーラオイル,Fats,油脂
carrot,Carrot,,ニンジン,Root vegetables,根菜
cherimoya,Cherimoya,,チェリモヤ,Fruits,果物
chia,Chia,,チア,Seeds,種子
cocoa_bean,Cocoa bean,,カカオ豆,Seeds,種子
evening_primrose,Evening primrose,,イブニングプリムローズ,Vegetables,野菜
flaxseed,Flaxseed,,亜麻仁（フラックスシード）,Seeds,種子
garden_cress,Garden cress,,ガーデンクレス,Vegetables/Herbs,ハーブ
margarine,Margarine,,マーガリン,Fats,油脂
olive,Olive,,オリーブ,Vegetables,野菜
opium_poppy,Opium poppy,,ケシ（アヘンケシ）,Seeds,種子
papaya,Papaya,,パパイヤ,Fruits,果物
pine_nut,Pine nut,,松の実,Seeds,種子
rape,Rape,,アブラナ（菜種）,Oilseeds,野菜/油料
safflower,Safflower,,ベニバナ,Oilseeds,野菜/油料
sour_cherry,Sour cherry,,サワーチェリー,Fruits,果物
summer_savory,Summer savory,,サマ―セイボリー,Vegetables/Herbs,ハーブ
watermelon,Watermelon,,スイカ,Fruits,果物
wild_carrot,Wild carrot,,ワイルドキャロット,Vegetables/Herbs,ハーブ
blue_mussel,Blue mussel,,ムラサキイガイ,Mollusks,貝類
catjang_pea,Catjang pea,,キャットジャングピー,Beans,豆類
coffee_substitute,Coffee substitute,,コーヒー代替品,Beverages/Beverage Alternatives,飲料/飲料代替品
corn_salad,Corn salad,,コーンサラダ,Vegetables,野菜
couscous,Couscous,,クスクス,Grains,穀物
cucurbita,Cucurbita,,カボチャ属,Vegetables,野菜
eggplant,Eggplant,,ナス,Vegetables,野菜
endive,Endive,,エンダイブ,Vegetables,野菜
evaporated_milk,Evaporated milk,,エバミルク,Dairy Products,乳製品
gefilte_fish,Gefilte fish,,ゲフィルテフィッシュ,Processed Foods,加工食品
gram_bean,Gram bean,,グラムビーン,Beans,豆類
leavening_agent,Leavening agent,,膨張剤,Seasonings,調味料
mango,Mango,,マンゴー,Fruits,果物
marine_mussel,Marine mussel,,海洋性ムール貝,Mollusks,貝類
pacific_oyster,Pacific oyster,,太平洋カキ,Mollusks,貝類
pea_shoots,Pea shoots,,エンドウの若芽,Vegetables,野菜
pepper__c_frutescens_,Pepper (C. frutescens),,トウガラシ（C.フルテセンス）,Spices,香辛料
potato,Potato,,ジャガイモ,Root vegetables,根菜
potato_bread,Potato bread,,ポテトブレッド,Bread Products,パン類
radish,Radish,,ラディッシュ,Root vegetables,根菜
rye_bread,Rye bread,,ライブレッド,Bread Products,パン類
soft_necked_garlic,Soft-necked garlic,,ソフトネックガーリック,Vegetables/Herbs,ハーブ
stuffing,Stuffing,,スタッフィング,Cooking,料理
tofu,Tofu,,豆腐,Processed Foods,加工食品
true_oyster,True oyster,,マガキ,Mollusks,貝類
wheat_bread,Wheat bread,,小麦パン,Bread Products,パン類
acorn_squash,Acorn squash,,エーコンスカッシュ,Vegetables,野菜
allium,Allium,,アリウム,Vegetables/Herbs,ハーブ
bamboo_shoots,Bamboo shoots,,タケノコ,Vegetables,野菜
butternut_squash,Butternut squash,,バターナッツスカッシュ,Vegetables,野菜
celery_stalks,Celery stalks,,セロリの茎,Root vegetables,根菜
common_bean,Common bean,,インゲンマメ,Beans,豆類
common_persimmon,Common persimmon,,柿,Fruits,果物
daikon_radish,Daikon radish,,ダイコン,Root vegetables,根菜
french_plantain,French plantain,,フレンチプランテン,Fruits,果物
green_bean,Green bean,,サヤインゲン,Vegetables,野菜
green_zucchini,Green zucchini,,緑のズッキーニ,Vegetables,野菜
iceberg_lettuce,Iceberg lettuce,,アイスバーグレタス,Vegetables,野菜
italian_sweet_red_pepper,Italian sweet red pepper,,イタリアンスイートレッドペッパー,Vegetables/Spices,野菜/香辛料
japanese_pumpkin,Japanese pumpkin,,カボチャ,Vegetables,野菜
mandarin_orange__clementine_tangerine_,"Mandarin orange (Clementine, Tangerine)",Mandarin orange,ミカン（クレメンタイン、タンジェリン）,Fruits,果物
mung_bean,Mung bean,,緑豆（ムングビーン）,Beans,豆類
nopal,Nopal,,ノパール,Vegetables,野菜
pepper,Pepper,,トウガラシ,Spices,香辛料
persimmon,Persimmon,,柿,Fruits,果物
relish,Relish,,レリッシュ,Seasonings,調味料
sacred_lotus,Sacred lotus,,ハス（蓮）,Vegetables/Herbs,ハーブ
scallop,Scallop,,ホタテ,Seafood,魚介類
star_fruit,Star fruit,,スターフルーツ,Fruits,果物
sunburst_squash__pattypan_squash_,Sunburst squash (pattypan squash),Sunburst squash,サンバーストスカッシュ（パティパン）,Vegetables,野菜
winter_squash,Winter squash,,冬カボチャ,Vegetables,野菜
yellow_wax_bean,Yellow wax bean,,黄サヤインゲン,Vegetables,野菜
yellow_zucchini,Yellow zucchini,,黄色ズッキーニ,Vegetables,野菜
breadnut_tree_seed,Breadnut tree seed,,ブレッドナッツツリーシード,Seeds,種子
cattle__beef_veal_,"Cattle (Beef, Veal)",,牛（ビーフ、ヴィール）,Meets,肉類
common_pea,Common pea,,エンドウマメ,Beans,豆類
cuttlefish,Cuttlefish,,コウイカ,Seafood,魚介類
deer,Deer,,シカ,Meets,肉類
gelatin_dessert,Gelatin dessert,,ゼラチンデザート,Desserts,デザート
green_lentil,Green lentil,,緑レンズ豆,Beans,豆類
meat_bouillon,Meat bouillon,,肉ブイヨン,Seasonings,調味料
oriental_wheat,Oriental wheat,,東洋小麦,Grains,穀物
pigeon_pea,Pigeon pea,,ピジョンピー,Beans,豆類
rabbit,Rabbit,,ウサギ,Meets,肉類
rye,Rye,,ライ麦,Grains,穀物
skipjack_tuna,Skipjack tuna,,カツオ,Fish,魚
snow_crab,Snow crab,,ズワイガニ,Seafood,魚介類
sockeye_salmon,Sockeye salmon,,ベニザケ,Fish,魚
spelt,Spelt,,スペルト,Grains,穀物
spiny_lobster,Spiny lobster,,イセエビ,Seafood,魚介類
unclassified_food_or_beverage,Unclassified food or beverage,,未分類食品または飲料,Beverages/Beverage Alternatives,飲料/飲料代替品
wheat,Wheat,,小麦,Grains,穀物
whey,Whey,,ホエイ,Dairy Products,乳製品
winged_bean,Winged bean,,ツノマメ,Beans,豆類
yellowtail_amberjack,Yellowtail amberjack,,ブリ,Fish,魚
butter,Butter,,バター,Dairy Products,乳製品
butterfat,Butterfat,,バター脂肪,Dairy Products,乳製品
coconut,Coconut,,ココナッツ,Fruits,果物
cupuau,Cupuaçu,,クプアス,Fruits,果物
dripping,Dripping,,ドリッピング,Animal Fats,動物性脂肪
fish_oil,Fish oil,,魚油,Fats,油脂
lard,Lard,,ラード,Animal Fats,動物性脂肪
salted_butter,Salted butter,,有塩バター,Dairy Products,乳製品
shea_tree,Shea tree,,シアツリー,Oilseeds,野菜/油料
apple,Apple,,リンゴ,Fruits,果物
butter_substitute,Butter substitute,,バター代替品,Processed Foods,加工食品
cinnamon,Cinnamon,,シナモン,Spices,香辛料
conch,Conch,,巻貝（コンク）,Mollusks,貝類
elderberry,Elderberry,,ニワトコ,Fruits,果物
garden_rhubarb,Garden rhubarb,,ガーデンルバーブ,Vegetables/Herbs,ハーブ
grape,Grape,,ブドウ,Fruits,果物
hard_wheat,Hard wheat,,硬質小麦,Grains,穀物
hibiscus_tea,Hibiscus tea,,ハイビスカスティー,Beverages,飲料
jellyfish,Jellyfish,,クラゲ,Seafood,魚介類
milk_substitute,Milk substitute,,ミルク代替品,Dairy Alternatives,乳製品代替品
morchella__morel_,Morchella (Morel),,アミガサタケ（モレル）,Mushrooms,キノコ
other_cereal_product,Other cereal product,,その他穀物製品,Grains,穀物
other_pasta_dish,Other pasta dish,,その他パスタ料理,Cooking,料理
pikeperch,Pikeperch,,パイクパーチ,Fish,魚
pleuronectidae__dab_halibut_plaice_,"Pleuronectidae (Dab, Halibut, Plaice)",,カレイ科（ダブ、オヒョウ、カレイ）,Fish,魚
prunus__cherry_plum_,"Prunus (Cherry, Plum)",,サクラ属（チェリー、プラム）,Fruits,果物
snail,Snail,,カタツムリ,Mollusks,貝類
lovage,Lovage,,ラベージ,Vegetables/Herbs,ハーブ
tarragon,Tarragon,,タラゴン,Vegetables/Herbs,ハーブ
focaccia,Focaccia,,フォカッチャ,Bread Products,パン類
gooseberry,Gooseberry,,グーズベリー,Fruits,果物
kumquat,Kumquat,,キンカン,Fruits,果物
new_zealand_spinach,New Zealand spinach,,ニュージーランドホウレンソウ,Vegetables,野菜
other_bread,Other bread,,その他パン類,Bread Products,パン類
other_fruit_product,Other fruit product,,その他果実製品,Fruit Products,果物製品
pear,Pear,,洋ナシ,Fruits,果物
pineapple,Pineapple,,パイナップル,Fruits,果物
rice_cake,Rice cake,,ライスケーキ,Snacks,スナック
rock_ptarmigan,Rock ptarmigan,,雷鳥（ライチョウ）,Meets,肉類
salad,Salad,,サラダ,Cooking,料理
salmonidae__salmon_trout_,"Salmonidae (Salmon, Trout)",,サケ科（サケ、マス）,Fish,魚
strawberry_guava,Strawberry guava,,ストロベリーグアバ,Fruits,果物
sturgeon,Sturgeon,,チョウザメ,Fish,魚
tortilla_chip,Tortilla chip,,トルティーヤチップス,Snacks,スナック
angelica,Angelica,,アンゼリカ,Vegetables/Herbs,ハーブ
asian_pear,Asian pear,,アジアナシ,Fruits,果物
broad_bean,Broad bean,,ソラマメ,Beans,豆類
calabash,Calabash,,カラバッシュ,Vegetables/Fruits,野菜/果実
capers,Capers,,ケイパー,Spices/Plants,香辛料/野菜
chinese_mustard,Chinese mustard,,チャイニーズマスタード,Vegetables/Herbs,ハーブ
green_plum,Green plum,,青梅（グリーンプラム）,Fruits,果物
nectarine,Nectarine,,ネクタリン,Fruits,果物
sesbania_flower,Sesbania flower,,セスバニアフラワー,Vegetables/Herbs,ハーブ
sweet_orange,Sweet orange,,スイートオレンジ,Fruits,果物
cocktail,Cocktail,,カクテル,Alcoholic Beverages,アルコール飲料
liquor,Liquor,,リキュール,Alcoholic Beverages,アルコール飲料
madeira_wine,Madeira wine,,マデイラワイン,Alcoholic Beverages,アルコール飲料
port_wine,Port wine,,ポートワイン,Alcoholic Beverages,アルコール飲料
sake,Sake,,日本酒,Alcoholic Beverages,アルコール飲料
vermouth,Vermouth,,ベルモット,Alcoholic Beverages,アルコール飲料
black_cabbage,Black cabbage,,ブラックキャベツ,Vegetables,野菜
cantaloupe_melon,Cantaloupe melon,,カンタロープメロン,Fruits,果物
chinese_cabbage,Chinese cabbage,,チンゲンサイ,Vegetables,野菜
common_beet,Common beet,,ビート,Vegetables,野菜
common_cabbage,Common cabbage,,キャベツ,Vegetables,野菜
corn_grits,Corn grits,,コーングリッツ,Grain Products,穀物製品
dock,Dock,,スイバ,Vegetables/Herbs,ハーブ
feijoa,Feijoa,,フェイジョア,Fruits,果物
garden_onion,Garden onion,,タマネギ,Vegetables,野菜
garden_onion__var_,Garden onion (var.),,タマネギ（別品種）,Vegetables,野菜
garden_tomato,Garden tomato,,トマト,Vegetables,野菜
heart_of_palm,Heart of palm,,ハートオブパーム,Vegetables/Herbs,ハーブ
japanese_persimmon,Japanese persimmon,,柿,Fruits,果物
kale,Kale,,ケール,Vegetables,野菜
kelp,Kelp,,昆布,Seaweed,海藻
leek,Leek,,リーキ,Vegetables,野菜
maitake,Maitake,,マイタケ,Mushrooms,キノコ
mamey_sapote,Mamey sapote,,マメイサポテ,Fruits,果物
marshmallow,Marshmallow,,マシュマロ,Sweets,菓子
napa_cabbage,Napa cabbage,,ハクサイ,Vegetables,野菜
okra,Okra,,オクラ,Vegetables,野菜
other_vegetable_product,Other vegetable product,,その他野菜製品,Vegetables,野菜
pak_choy,Pak choy,,パクチョイ,Vegetables,野菜
red_bell_pepper,Red bell pepper,,赤パプリカ,Vegetables,野菜
sorrel,Sorrel,,スイバ,Vegetables/Herbs,ハーブ
topping,Topping,,トッピング,Seasonings/Additives,調味料/付加物
wakame,Wakame,,ワカメ,Seaweed,海藻
white_cabbage,White cabbage,,白キャベツ,Vegetables,野菜
yam,Yam,,ヤムイモ,Vegetables,野菜
black_walnut,Black walnut,,ブラックウォルナット,Nuts,ナッツ
cloves,Cloves,,クローブ,Spices,香辛料
agar,Agar,,アガー,Food Additives,食品添加物
chewing_gum,Chewing gum,,チューインガム,Sweets,菓子
chicory_roots,Chicory roots,,チコリの根,Vegetables/Herbs,ハーブ
coriander,Coriander,,コリアンダー,Spices,香辛料
fruit_juice,Fruit juice,,フルーツジュース,Beverages,飲料
fruit_salad,Fruit salad,,フルーツサラダ,Desserts,デザート
monk_fruit,Monk fruit,,羅漢果（モンクフルーツ）,Fruits,果物
pectin,Pectin,,ペクチン,Food Additives,食品添加物
persian_lime,Persian lime,,ペルシャライム,Fruits,果物
rubus__blackberry_raspberry_,"Rubus (Blackberry, Raspberry)",Raspberry,ブラックベリー、ラズベリ,Fruits,果物
sugar,Sugar,,砂糖,Seasonings,調味料
swede,Swede,,スウェード（ルタバガ）,Vegetables,野菜
towel_gourd,Towel gourd,,ヘチマ,Vegetables,野菜
tree_fern,Tree fern,,ツリーファーン,Vegetables,野菜
vaccinium__blueberry_cranberry_huckleberry_,"Vaccinium (Blueberry, Cranberry, Huckleberry)",,スノキ属（ブルーベリー、クランベリー、ハックルベリー）,Fruits,果物
vegetable_juice,Vegetable juice,,野菜ジュース,Beverages,飲料
vinegar,Vinegar,,酢,Seasonings,調味料
wax_gourd,Wax gourd,,トウガン,Vegetables,野菜
yellow_pond_lily,Yellow pond-lily,,黄睡蓮,Vegetables,野菜
black_elderberry,Black elderberry,,ブラックエルダーベリー,Fruits,果物
bog_bilberry,Bog bilberry,,ボグビルベリー,Fruits,果物
energy_drink,Energy drink,,エナジードリンク,Beverages,飲料
european_cranberry,European cranberry,,ヨーロピアンクランベリー,Fruits,果物
grapefruit,Grapefruit,,グレープフルーツ,Fruits,果物
grapefruit_pummelo_hybrid,Grapefruit/Pummelo hybrid,,グレープフルーツ/ブンタンハイブリッド,Fruits,果物
honey,Honey,,ハチミツ,Seasonings,調味料
pie_filling,Pie filling,,パイフィリング,Desserts,デザート
red_huckleberry,Red huckleberry,,レッドハックルベリー,Fruits,果物
soy_milk,Soy milk,,豆乳,Dairy Alternatives,乳製品代替品
soy_yogurt,Soy yogurt,,ソイヨーグルト,Dairy Alternatives,乳製品代替品
tapioca_pearl,Tapioca pearl,,タピオカパール,Desserts,デザート
borage,Borage,,ボリジ,Vegetables/Herbs,ハーブ
chili,Chili,,チリ,Spices,香辛料
chinese_broccoli,Chinese broccoli,,チンゲンサイ,Vegetables,野菜
common_grape,Common grape,,ブドウ,Fruits,果物
cowpea,Cowpea,,ササゲ,Beans,豆類
crayfish,Crayfish,,ザリガニ,Seafood,魚介類
globe_artichoke,Globe artichoke,,グローブアーティチョーク,Vegetables,野菜
green_turtle,Green turtle,,アオウミガメ,Meets,肉類
jalapeno_pepper,Jalapeno pepper,,ハラペーニョペッパー,Spices,香辛料
lemon_grass,Lemon grass,,レモングラス,Vegetables/Herbs,ハーブ
lichee,Lichee,,ライチ,Fruits,果物
malus__crab_apple_,Malus (Crab apple),,リンゴ属（クラブアップル）,Fruits,果物
mammee_apple,Mammee apple,,マミーアップル,Fruits,果物
pollock,Pollock,,ポラック,Fish,魚
rocket_salad__ssp_,Rocket salad (ssp.),,ルッコラ（ロケットサラダ）,Vegetables,野菜
salad_dressing,Salad dressing,,サラダドレッシング,Seasonings,調味料
tamarind,Tamarind,,タマリンド,Fruits,果物
true_frog,True frog,,カエル類（トゥルーフロッグ）,Seafood Products,魚介製品
anguilliformes,Anguilliformes,,アンギウラ目（ウナギ目）,Fish,魚
breadfruit,Breadfruit,,パンの実,Fruits,果物
egg_roll,Egg roll,,エッグロール,Snacks,スナック
eggs,Eggs,,卵,Meets,肉類
empanada,Empanada,,エンパナーダ,Cooking,料理
hickory_nut,Hickory nut,,ヒッコリーナッツ,Nuts,ナッツ
macadamia_nut,Macadamia nut,,マカダミアナッツ,Nuts,ナッツ
macadamia_nut__m_tetraphylla_,Macadamia nut (M. tetraphylla),,マカダミアナッツ（M. tetraphylla）,Nuts,ナッツ
marzipan,Marzipan,,マジパン,Sweets,菓子
meatloaf,Meatloaf,,ミートローフ,Cooking,料理
nachos,Nachos,,ナチョス,Snacks,スナック
pie_crust,Pie crust,,パイクラスト,Bread Products,パン類
popcorn,Popcorn,,ポップコーン,Snacks,スナック
scombridae__bonito_mackerel_tuna_,"Scombridae (Bonito, Mackerel, Tuna)",Bonito,カツオ、サバ、マグロ,Fish,魚
domestic_goat,Domestic goat,Goat,ヤギ,#N/A,家畜/肉類
taro,Taro,,タロイモ,#N/A,根菜/野菜
tea,Tea,,お茶,#N/A,飲料/野菜
,,,,#N/A,
corn,Corn,,トウモロコシ,Grains,穀物
,,,,#N/A,
lime,Lime,,ライム,Fruits,果物
,,,,#N/A,
baked_beans,Baked beans,,ベイクドビーンズ,#N/A,料理/豆類
brussel_sprouts,Brussel sprouts,,ブリュッセルスプラウト,Vegetables,野菜
cassava,Cassava,,キャッサバ,#N/A,根菜/野菜
chayote,Chayote,,チャヨテ,Vegetables,野菜
chinese_chestnut,Chinese chestnut,,中国栗,Nuts/Fruits,ナッツ/果物
chinese_chives,Chinese chives,,チャイニーズチャイブス,#N/A,ハーブ/野菜
cow_milk_pasteurized_vitamin_a__d_added_0_fat,"Cow milk, pasteurized, vitamin A + D added, 0% fat",Milk,牛乳（低温殺菌、ビタミンA+D添加、0%脂肪）,Dairy Products,乳製品
cow_milk_pasteurized_vitamin_a__d_added_1_fat,"Cow milk, pasteurized, vitamin A + D added, 1% fat",,牛乳（低温殺菌、ビタミンA+D添加、1%脂肪）,Dairy Products,乳製品
cow_milk_pasteurized_vitamin_a__d_added_2_fat,"Cow milk, pasteurized, vitamin A + D added, 2% fat",,牛乳（低温殺菌、ビタミンA+D添加、2%脂肪）,Dairy Products,乳製品
eastern_oyster,Eastern oyster,,イースタンオイスター,Mollusks,貝類
horseradish_tree,Horseradish tree,,ホースラディッシュツリー,Vegetables/Spices,野菜/香辛料
hot_chocolate,Hot chocolate,,ホットチョコレート,#N/A,飲料/デザート
ketchup,Ketchup,,ケチャップ,Seasonings,調味料
longan,Longan,,ロンガン,Fruits,果物
lotus,Lotus,,ハス（蓮）,Vegetables,野菜
stew,Stew,,シチュー,Cooking,料理
succotash,Succotash,,サコタッシュ,Cooking,料理
teff,Teff,,テフ,Grains,穀物
water_spinach,Water spinach,,空芯菜（クウシンサイ）,Vegetables,野菜
wild_rice,Wild rice,,ワイルドライス,Grains,穀物
yogurt,Yogurt,,ヨーグルト,Dairy Products,乳製品
,,,,#N/A,
gelatin,Gelatin,,ゼラチン,Food Additives,食品添加物
lupine,Lupine,,ルピナス,Beans,豆類
smelt,Smelt,,ワカサギ,Fish,魚
spirulina,Spirulina,,スピルリナ,Seaweed,海藻
white_lupine,White lupine,,ホワイトルピナス,Beans,豆類
,4o mini,,,#N/A,
american_cranberry,American cranberry,,アメリカン・クランベリー,Fruits,果物
,,,,#N/A,
blue_cheese,Blue cheese,,ブルーチーズ,Dairy Products,乳製品
brazil_nut,Brazil nut,,ブラジルナッツ,Nuts,ナッツ
cheese,Cheese,,チーズ,Dairy Products,乳製品
cocoa_powder,Cocoa powder,,ココアパウダー,#N/A,食材/調味料
dried_milk,Dried milk,,ドライミルク,Dairy Products,乳製品
parmesan_cheese,Parmesan cheese,,パルメザンチーズ,Dairy Products,乳製品
sausage,Sausage,,ソーセージ,Meet Products,肉製品
swiss_cheese,Swiss cheese,,スイスチーズ,Dairy Products,乳製品
,,,,#N/A,
agave,Agave,,アガベ,#N/A,野菜/甘味料
akutaq,Akutaq,,アクタク,Cooking,料理
alaska_blackfish,Alaska blackfish,,アラスカブラックフィッシュ,Fish,魚
alaska_blueberry,Alaska blueberry,,アラスカブルーベリー,Fruits,果物
albizia_gummifera,Albizia gummifera,,アルビジア・ガミフェラ,#N/A,野菜/ハーブ
alcoholic_beverages,Alcoholic beverages,,アルコール飲料,Beverages,飲料
almond_milk,Almond milk,,アーモンドミルク,Dairy Alternatives,乳製品代替品
alpine_sweetvetch,Alpine sweetvetch,,アルプス・スウィートベッチ,Vegetables,野菜
andean_blackberry,Andean blackberry,,アンデス・ブラックベリー,Fruits,果物
annual_wild_rice,Annual wild rice,,年間野生米,Grains,穀物
apple_cider,Apple cider,,アップルサイダー,Beverages,飲料
arabica_coffee,Arabica coffee,,アラビカコーヒー,Beverages,飲料
arctic_blackberry,Arctic blackberry,,アークティック・ブラックベリー,Fruits,果物
arrowhead,Arrowhead,,アロウヘッド,Vegetables,野菜
arrowroot,Arrowroot,,アロールート,#N/A,野菜/根菜
ascidians,Ascidians,,ムシカシ,Marine Animals,海洋動物
asparagus_fern,Asparagus fern,,アスパラガス・ファーン,#N/A,野菜/野菜
asparagus_racemosus,Asparagus racemosus,,アスパラガス・ラセモス,#N/A,野菜/野菜
banana,Banana,,バナナ,Fruits,果物
bayberry,Bayberry,,ベイベリー,Fruits,果物
berry_wine,Berry wine,,ベリーワイン,Beverages,飲料
beverages,Beverages,,飲料,Beverages,飲料
bison,Bison,,バイソン,Meets,肉類
black_chokeberry,Black chokeberry,,ブラック・チョークベリー,Fruits,果物
black_crowberry,Black crowberry,,ブラック・クロウベリー,Fruits,果物
black_huckleberry,Black huckleberry,,ブラック・ハックルベリー,Fruits,果物
black_plum,Black plum,,ブラックプラム,Fruits,果物
black_radish,Black radish,,ブラックラディッシュ,Vegetables,野菜
black_raisin,Black raisin,,ブラックレーズン,Fruits,果物
black_raspberry,Black raspberry,,ブラックラズベリー,Fruits,果物
black_salsify,Black salsify,,ブラック・サルシフィ,Vegetables,野菜
black_tea,Black tea,,ブラックティー,Beverages,飲料
blackberry,Blackberry,,ブラックベリー,Fruits,果物
blackcurrant,Blackcurrant,,ブラックカラント,Fruits,果物
blue_whiting,Blue whiting,,ブルーワイティング,Fish,魚
bowhead_whale,Bowhead whale,,ボウヘッド・クジラ,Marine Animals,海洋動物
boysenberry,Boysenberry,,ボイセンベリー,Fruits,果物
brassicas,Brassicas,,ブラッシカス,Vegetables,野菜
broad_whitefish,Broad whitefish,,ブロード・ホワイトフィッシュ,Fish,魚
buffalo,Buffalo,,バッファロー,Meets,肉類
buffalo_currant,Buffalo currant,,バッファロー・カラン,Fruits,果物
canada_blueberry,Canada blueberry,,カナダブルーベリー,Fruits,果物
cannellini_bean,Cannellini bean,,カンネリーニビーンズ,Beans,豆類
cape_gooseberry,Cape gooseberry,,ケープ・グーズベリー,Fruits,果物
cardoon,Cardoon,,カードーン,Vegetables,野菜
cascade_huckleberry,Cascade huckleberry,,カスケード・ハックルベリー,Fruits,果物
cashew_nut,Cashew nut,,カシューナッツ,Nuts,ナッツ
castanospermum_australe,Castanospermum australe,,キャスタノスペルム・オーストラーレ,Vegetables,野菜
celeriac,Celeriac,,セレリアック,Vegetables,野菜
cereals_and_cereal_products,Cereals and cereal products,,穀物と穀物製品,Grains,穀物
cetacea__dolphin_porpoise_whale_,"Cetacea (Dolphin, Porpoise, Whale)",,クジラ目（イルカ、ネズミイルカ、クジラ）,Marine Animals,海洋動物
chanterelle,Chanterelle,,チャンテレル,Mushrooms,キノコ
charr,Charr,,チャール,Fish,魚
cheddar_cheese,Cheddar Cheese,,チェダーチーズ,Dairy Products,乳製品
cherry_tomato,Cherry tomato,,チェリートマト,Vegetables,野菜
chicken,Chicken,,チキン,Meets,肉類
chicory_leaves,Chicory leaves,,チコリの葉,Vegetables/Herbs,ハーブ
chineese_plum,Chinese plum,,チャイニーズプラム,Fruits,果物
chinese_bayberry,Chinese bayberry,,チャイニーズベイベリー,Fruits,果物
chinese_cinnamon,Chinese cinnamon,,チャイニーズシナモン,Spices,香辛料
chinese_water_chestnut,Chinese water chestnut,,チャイニーズウォーターチェストナット,Vegetables,野菜
citrus,Citrus,,シトラス,Fruits,果物
climbing_bean,Climbing bean,,クライミングビーン,#N/A,野菜/豆類
cloud_ear_fungus,Cloud ear fungus,,クラウドイヤーファンガス,Mushrooms,キノコ
cloudberry,Cloudberry,,クラウドベリー,Fruits,果物
coalfish_pollock,Coalfish pollock,,コールフィッシュ・ポロック,Fish,魚
cocoa_and_cocoa_products,Cocoa and cocoa products,,ココアとココア製品,#N/A,食品/飲料
cocoa_liquor,Cocoa liquor,,ココアリキュール,Beverages,飲料
coconut_milk,Coconut milk,,ココナッツミルク,Dairy Alternatives,乳製品代替品
common_chokecherry,Common chokecherry,,コモン・チョークチェリー,Fruits,果物
common_dab,Common dab,,コモンダブ,Fish,魚
common_octopus,Common octopus,,コモン・タコ,Seafood,魚介類
common_salsify,Common salsify,,コモン・サルシフィ,Vegetables,野菜
common_walnut,Common walnut,,コモン・ウォールナット,Nuts,ナッツ
common_wheat,Common wheat,,コモン・ウィート,Grains,穀物
corn_oil,Corn oil,,コーンオイル,Fats,油脂
crosne,Crosne,,クロスネ,Vegetables,野菜
crustaceans,Crustaceans,,甲殻類,#N/A,動物
cubanelle_pepper,Cubanelle pepper,,キュバネレペッパー,Spices/Plants,香辛料/野菜
curry_powder,Curry powder,,カレーパウダー,Spices,香辛料
deerberry,Deerberry,,デアベリー,Fruits,果物
dessert_wine,Dessert wine,,デザートワイン,Beverages,飲料
devilfish,Devilfish,,デビルフィッシュ,Fish,魚
dough,Dough,,生地,Food,食品
drage,Dragée,,ドラジェ,Sweets,菓子
dumpling,Dumpling,,ダンプリング,Cooking,料理
eddoe,Eddoe,,エドー,Vegetables,野菜
egg_yolk,Egg yolk,,卵黄,Food,食品
elk,Elk,,エルク,Meets,肉類
elliotts_blueberry,Elliott's blueberry,,エリオット・ブルーベリー,Fruits,果物
emu,Emu,,エミュー,Meets,肉類
epazote,Epazote,,エパゾート,Vegetables/Herbs,ハーブ
european_plum,European plum,,ヨーロピアン・プラム,Fruits,果物
evergreen_blackberry,Evergreen blackberry,,エバーグリーン・ブラックベリー,Fruits,果物
evergreen_huckleberry,Evergreen huckleberry,,エバーグリーン・ハックルベリー,Fruits,果物
fats_and_oils,Fats and oils,,脂肪および油脂,Fats,油脂
fenugreek,Fenugreek,,フェヌグリーク,Spices,香辛料
fish_burger,Fish burger,,フィッシュバーガー,#N/A,料理/食品
fishes,Fishes,,魚,Fish,魚
fortified_wine,Fortified wine,,フォーティファイドワイン,Beverages,飲料
fox_grape,Fox grape,,フォックス・グレープ,Fruits,果物
fruit_gum,Fruit gum,,フルーツガム,Sweets,菓子
fruit_preserve,Fruit preserve,,フルーツ・プレザーブ,Fruit Products,果物製品
fruits,Fruits,,果物,Fruits,果物
garden_tomato__var_,Garden tomato (var.),,ガーデン・トマト（品種）,Vegetables,野菜
gentiana_lutea,Gentiana lutea,,ゲンティアナ・ルテア,Vegetables,野菜
german_camomile,German camomile,,ドイツカモミール,Vegetables/Herbs,ハーブ
ginseng,Ginseng,,人参,Vegetables/Herbs,ハーブ
goji,Goji,,ゴジ,Fruits,果物
grape_wine,Grape wine,,グレープワイン,Beverages,飲料
grass_pea,Grass pea,,グラス・ピー,Beans,豆類
green_apple,Green apple,,グリーン・アップル,Fruits,果物
green_cabbage,Green cabbage,,グリーン・キャベツ,Vegetables,野菜
green_grape,Green grape,,グリーン・グレープ,Fruits,果物
green_onion,Green onion,,グリーン・オニオン,Vegetables,野菜
green_tea,Green tea,,緑茶,Beverages,飲料
green_vegetables,Green vegetables,,緑の野菜,Vegetables,野菜
greenthread_tea,Greenthread tea,,グリーンスレッド・ティー,Beverages,飲料
greylag_goose,Greylag goose,,グレイラグ・グース,Meets,肉類
guarana,Guarana,,グアラナ,Vegetables,野菜
guinea_hen,Guinea hen,,ギニア・ヘン,Meets,肉類
half_highbush_blueberry,Half-highbush blueberry,,ハーフ・ハイバッシュ・ブルーベリー,Fruits,果物
hamburger,Hamburger,,ハンバーガー,Cooking,料理
hawthorn,Hawthorn,,ホーソーン,Fruits,果物
hazelnut,Hazelnut,,ヘーゼルナッツ,Nuts,ナッツ
herbal_tea,Herbal tea,,ハーブティー,Beverages,飲料
herbs_and_spices,Herbs and Spices,,ハーブと香辛料,Spices,香辛料
highbush_blueberry,Highbush blueberry,,ハイバッシュ・ブルーベリー,Fruits,果物
horned_melon,Horned melon,,ホーンメロン,Fruits,果物
horse,Horse,,馬,Meets,肉類
ice_cream,Ice cream,,アイスクリーム,Desserts,デザート
irish_moss,Irish moss,,アイリッシュ・モス,Seaweed,海藻
italian_oregano,Italian oregano,,イタリアン・オレガノ,Vegetables/Herbs,ハーブ
jackfruit,Jackfruit,,ジャックフルーツ,Fruits,果物
japanese_walnut,Japanese walnut,,日本クルミ,Nuts,ナッツ
jews_ear,Jew's ear,,ユーズ・イヤー,Mushrooms,キノコ
jostaberry,Jostaberry,,ジョスタベリー,Fruits,果物
jujube,Jujube,,ナツメ,Fruits,果物
juniperus_communis,Juniperus communis,,ジュニパス・コミュニス,Vegetables/Herbs,ハーブ
kai_lan,Kai-lan,,カイラン,Vegetables,野菜
komatsuna,Komatsuna,,コマツナ,Vegetables,野菜
kombu,Kombu,,昆布,Seaweed,海藻
lake_trout,Lake trout,,レイク・トラウト,Fish,魚
lambsquarters,Lambsquarters,,ラムスクォーター,Vegetables,野菜
lantern_fruit,Lantern fruit,,ランタン・フルーツ,Fruits,果物
leather_chiton,Leather chiton,,レザー・チトン,Marine Animals,海洋動物
lemon_balm,Lemon balm,,レモンバーム,Vegetables/Herbs,ハーブ
lemon_thyme,Lemon thyme,,レモン・タイム,Vegetables/Herbs,ハーブ
lemon_verbena,Lemon verbena,,レモン・ヴァーベナ,Vegetables/Herbs,ハーブ
linden,Linden,,リンデン,Vegetables/Herbs,ハーブ
lingonberry,Lingonberry,,リンゴンベリー,Fruits,果物
liquorice,Liquorice,,リコリス,Spices,香辛料
lowbush_blueberry,Lowbush blueberry,,ロウバッシュ・ブルーベリー,Fruits,果物
macroalgae,Macroalgae,,マクロ藻類,Seaweed,海藻
mallard_duck,Mallard duck,,マラード・ダック,Meets,肉類
mate,Mate,,マテ,Vegetables/Herbs,ハーブ
meatball,Meatball,,ミートボール,Cooking,料理
medlar,Medlar,,メドラー,Fruits,果物
mentha,Mentha,,ミント,Vegetables/Herbs,ハーブ
meringue,Meringue,,メレンゲ,Desserts,デザート
mexican_groundcherry,Mexican groundcherry,,メキシカン・グラウンドチェリー,Fruits,果物
mikan,Mikan,,みかん,Fruits,果物
milk__human_,Milk (Human),,母乳,Dairy Products,乳製品
milk_and_milk_products,Milk and milk products,,牛乳と乳製品,Dairy Products,乳製品
molasses,Molasses,,モラセス,Sweeteners,甘味料
mollusks,Mollusks,,軟体動物,Seafood,魚介類
monterey_jack_cheese,Monterey Jack cheese,Cheddar Cheese,モントレージャックチーズ,Dairy Products,乳製品
mozzarella_cheese,Mozzarella cheese,,モッツァレラチーズ,Dairy Products,乳製品
mulberry,Mulberry,,ムルベリー,Fruits,果物
mule_deer,Mule deer,,ミュール・ディア,Meets,肉類
mundu,Mundu,,ムンド,Food,食品
muscadine_grape,Muscadine grape,,マスカダイン・グレープ,Fruits,果物
mushrooms,Mushrooms,,キノコ,Mushrooms,キノコ
muskmelon,Muskmelon,,マスクメロン,Fruits,果物
mustard,Mustard,,マスタード,Spices,香辛料
nanking_cherry,Nanking cherry,,南京チェリー,Fruits,果物
naranjilla,Naranjilla,,ナランヒラ,Fruits,果物
narrowleaf_cattail,Narrowleaf cattail,,ナロウリーフ・カタイル,Vegetables,野菜
north_pacific_giant_octopus,North Pacific giant octopus,,北太平洋オニイトマキダコ,Seafood,魚介類
nutmeg,Nutmeg,,ナツメグ,Spices,香辛料
nutritional_drink,Nutritional drink,,栄養ドリンク,Beverages,飲料
nuts,Nuts,,ナッツ,Nuts,ナッツ
nuttall_cockle,Nuttall cockle,,ナタル・コックル,Mollusks,貝類
oat,Oat,,オート,Grains,穀物
ohelo_berry,Ohelo berry,,オヘロ・ベリー,Fruits,果物
onion_family_vegetables,Onion-family vegetables,,ネギ科の野菜,Vegetables,野菜
oregon_yampah,Oregon yampah,,オレゴン・ヤンパ,Vegetables,野菜
ostrich,Ostrich,,ダチョウ,Meets,肉類
ostrich_fern,Ostrich fern,,ダチョウ・シダ,Vegetables,野菜
other_cocoa_product,Other cocoa product,,その他のココア製品,Food,食品
other_soy_product,Other soy product,,その他の大豆製品,Food,食品
other_wine,Other wine,,その他のワイン,Beverages,飲料
oval_leaf_huckleberry,Oval-leaf huckleberry,,オーバルリーフ・ハックルベリー,Fruits,果物
oxheart_cabbage,Oxheart cabbage,,オックスハートキャベツ,Vegetables,野菜
pacific_salmon,Pacific salmon,,太平洋サケ,Fish,魚
partridge_berry,Partridge berry,,パートリッジ・ベリー,Fruits,果物
peach__var_,Peach (var.),,ピーチ（品種）,Fruits,果物
peanut,Peanut,,ピーナッツ,Nuts,ナッツ
pecan_nut,Pecan nut,,ピーカンナッツ,Nuts,ナッツ
pepper__c_baccatum_,Pepper (C. baccatum),Pepper,ペッパー（C.バカタム）,Spices,香辛料
pepper__c_chinense_,Pepper (C. chinense),Pepper,ペッパー（C.チネンセ）,Spices,香辛料
pepper__c_pubescens_,Pepper (C. pubescens),Pepper,ペッパー（C.プベッセンス）,Spices,香辛料
pepper__capsicum_,Pepper (Capsicum),Pepper,ピーマン（カプシクム）,Vegetables/Spices,野菜/香辛料
pheasant,Pheasant,,ヒメウズラ,Meets,肉類
pineappple_sage,Pineapple sage,,パイナップルセージ,Vegetables/Herbs,ハーブ
pitaya,Pitaya,,ピタヤ,Fruits,果物
pizza,Pizza,,ピザ,Cooking,料理
plain_cream_cheese,Plain cream cheese,Cheese Spread Cream Cheese Base,プレーンクリームチーズ,Dairy Products,乳製品
plains_prickly_pear,Plains prickly pear,,プレインス・プライクリ・ペア,Fruits,果物
plantain,Plantain,,プランテイン,Vegetables,野菜
pomegranate,Pomegranate,,ザクロ,Fruits,果物
pomes,Pomes,,ポメス,Fruits,果物
prairie_turnip,Prairie turnip,,プレイリー・ターニップ,Vegetables,野菜
prickly_pear,Prickly pear,,サボテン・プライクリ・ペア,Fruits,果物
pudding,Pudding,,プディング,Desserts,デザート
pulses,Pulses,,豆類,Beans,豆類
purple_mangosteen,Purple mangosteen,,パープル・マンゴスチン,Fruits,果物
rabbiteye_blueberry,Rabbiteye blueberry,,ラビットアイ・ブルーベリー,Fruits,果物
radish__var_,Radish (var.),,ラディッシュ（品種）,Vegetables,野菜
rambutan,Rambutan,,ランブータン,Fruits,果物
red_algae,Red algae,,赤藻,Seaweed,海藻
red_beetroot,Red beetroot,,レッドビートルート,Vegetables,野菜
red_champagne,Red champagne,,レッドシャンパン,Alcoholic Beverages,アルコール飲料
red_clover,Red clover,,レッドクローバー,Vegetables/Herbs,ハーブ
red_grape,Red grape,,赤ぶどう,Fruits,果物
red_grape_juice,Red grape juice,,赤ぶどうジュース,Beverages,飲料
red_onion,Red onion,,赤玉ねぎ,Vegetables,野菜
red_raspberry,Red raspberry,,赤ラズベリー,Fruits,果物
red_rice,Red rice,,赤米,Grains,穀物
red_tea,Red tea,,赤茶,Beverages,飲料
red_wine,Red wine,,赤ワイン,Beverages,飲料
redcurrant,Redcurrant,,レッドカラント,Fruits,果物
ringed_seal,Ringed seal,,リングド・シール,Seafood/Animals,魚介類/動物
robusta_coffee,Robusta coffee,,ロブスタコーヒー,Beverages,飲料
rocket_salad,Rocket salad,,ロケットサラダ,Vegetables,野菜
roman_camomile,Roman camomile,,ローマンカモミール,Vegetables/Herbs,ハーブ
root_vegetables,Root vegetables,,根菜類,Vegetables,野菜
ros_wine,Rosé wine,,ロゼワイン,Beverages,飲料
roselle,Roselle,,ロゼール,Vegetables/Herbs,ハーブ
rowal,Rowal,,ロワール,Vegetables,野菜
rowanberry,Rowanberry,,ローワンベリー,Fruits,果物
sago_palm,Sago palm,,サゴヤシ,Vegetables,野菜
salmonberry,Salmonberry,,サーモンベリー,Fruits,果物
salt,Salt,,塩,Seasonings,調味料
saskatoon_berry,Saskatoon berry,,サスカトゥーンベリー,Fruits,果物
sauce,Sauce,,ソース,Seasonings,調味料
scarlet_bean,Scarlet bean,,スカーレットビーンズ,Beans,豆類
sea_buckthornberry,Sea cucumber,,ナマコ,Seafood,魚介類
sea_cucumber,Sea-buckthornberry,,シーバックソーンベリー,Fruits,果物
sheep__mutton_lamb_,"Sheep (Mutton, Lamb)",,羊肉（マトン、ラム）,Meets,肉類
sherry,Sherry,,シェリー酒,Beverages,飲料
silver_linden,Silver linden,,シルバーリンデン,Vegetables,野菜
skunk_currant,Skunk currant,,スカンク・カラン,Fruits,果物
small_leaf_linden,Small-leaf linden,,小葉リンデン,Vegetables,野菜
snack_bar,Snack bar,,スナックバー,Snacks,スナック
soft_drink,Soft drink,,ソフトドリンク,Beverages,飲料
soup,Soup,,スープ,Cooking,料理
sour_orange,Sour orange,,サワーオレンジ,Fruits,果物
sourdough,Sourdough,,サワードウ,Bread Products,パン類
soy_sauce,Soy sauce,,醤油,Seasonings,調味料
sparkleberry,Sparkleberry,,スパークルベリー,Fruits,果物
spiny_dogfish,Spiny dogfish,,トゲウナギ,Fish,魚
spirit,Spirit,,スピリッツ,Beverages,飲料
squab,Squab,,スクアブ,Meets,肉類
squashberry,Squashberry,,スカッシュベリー,Fruits,果物
strawberry,Strawberry,,イチゴ,Fruits,果物
sugar_substitute,Sugar substitute,,砂糖代替品,Sweeteners,甘味料
summer_grape,Summer grape,,サマーグレープ,Fruits,果物
sweet_basil,Sweet basil,,スイートバジル,Vegetables/Herbs,ハーブ
sweet_cherry,Sweet cherry,,スイートチェリー,Fruits,果物
sweet_marjoram,Sweet marjoram,,スイートマジョラム,Vegetables/Herbs,ハーブ
sweet_rowanberry,Sweet rowanberry,,スイートローワンベリー,Fruits,果物
syrup,Syrup,,シロップ,Seasonings,調味料
tartary_buckwheat,Tartary buckwheat,,タルタリー・バックウィート,Grains,穀物
thornless_blackberry,Thornless blackberry,,トーンレス・ブラックベリー,Fruits,果物
tinda,Tinda,,ティンダ,Vegetables,野菜
toffee,Toffee,,トフィー,Sweets,菓子
tronchuda_cabbage,Tronchuda cabbage,,トロンチューダ・キャベツ,Vegetables,野菜
tropical_highland_blackberry,Tropical highland blackberry,,トロピカル・ハイランド・ブラックベリー,Fruits,果物
true_seal,True seal,,トゥルー・シール,Seafood/Animals,魚介類/動物
tunicate,Tunicate,,チュニケート,Marine Animals,海洋動物
vanilla,Vanilla,,バニラ,Spices/Plants,香辛料/野菜
vegetarian_food,Vegetarian food,,ベジタリアンフード,Food,食品
veggie_burger,Veggie burger,,ベジーバーガー,Cooking,料理
velvet_duck,Velvet duck,,ベルベットダック,Meets,肉類
walrus,Walrus,,セイウチ,Marine Animals,海洋動物
wampee,Wampee,,ワンピー,Fruits,果物
water,Water,,水,Beverages,飲料
watercress,Watercress,,水菜,Vegetables,野菜
wax_apple,Wax apple,,ワックス・アップル,Fruits,果物
white_champagne,White champagne,,ホワイト・シャンパン,Beverages,飲料
white_grape_juice,White grape juice,,ホワイト・グレープジュース,Beverages,飲料
white_mulberry,White mulberry,,ホワイト・マルベリー,Fruits,果物
white_onion,White onion,Garden Onion,ホワイト・オニオン,Vegetables,野菜
white_wine,White wine,,ホワイト・ワイン,Beverages,飲料
whiting,Whiting,,ホワイティング,Fish,魚
whole_wheat_bread,Whole wheat bread,,全粒粉パン,Bread Products,パン類
wild_boar,Wild boar,,野生のイノシシ,Meets,肉類
wild_celery,Wild celery,,野生のセロリ,Vegetables,野菜
yali_pear,Yali pear,,ヤリナシ,Fruits,果物
yau_choy,Yau choy,,ヤウチョイ,Vegetables,野菜
yautia,Yautia,,ヤウティア,Root vegetables,根菜
parsnip,Parsnip,,パースニップ,Root vegetables,根菜
american_pokeweed,American pokeweed,,アメリカン・ポークウィード,Vegetables,野菜
garland_chrysanthemum,Garland chrysanthemum,,ガーランド・クリサンセマム,Vegetables/Herbs,ハーブ
nance,Nance,,ナンス,Fruits,果物
rose_hip,Rose hip,,ローズヒップ,Fruits,果物
acorn,Acorn,,ドングリ,Nuts,ナッツ
beech_nut,Beech nut,,ブナの実,Nuts,ナッツ
biscuit,Biscuit,,ビスケット,Sweets,菓子
cake,Cake,,ケーキ,Sweets,菓子
chimichanga,Chimichanga,,チミチャンガ,Cooking,料理
condensed_milk,Condensed milk,,練乳,Dairy Products,乳製品
corn_chip,Corn chip,,コーンチップ,Snacks,スナック
cornbread,Cornbread,,コーンブレッド,Bread Products,パン類
enchilada,Enchilada,,エンチラーダ,Cooking,料理
falafel,Falafel,,ファラフェル,Cooking,料理
hot_dog,Hot dog,,ホットドッグ,Cooking,料理
hushpuppy,Hushpuppy,,ハッシュパピー,Cooking,料理
lasagna,Lasagna,,ラザニア,Cooking,料理
pot_pie,Pot pie,,ポットパイ,Cooking,料理
potato_gratin,Potato gratin,,ポテトグラタン,Cooking,料理
pupusa,Pupusa,,ププサ,Cooking,料理
sablefish,Sablefish,,サブレフィッシュ,Fish,魚
taco,Taco,,タコ,Cooking,料理
taco_shell,Taco shell,,タコシェル,Cooking,料理
tostada,Tostada,,トスターダ,Cooking,料理
waffle,Waffle,,ワッフル,Sweets,菓子